# Sequel Pro dump
# Version 1630
# http://code.google.com/p/sequel-pro
#
# Host: localhost (MySQL 5.1.42)
# Database: Thesortus_T2Prime
# Generation Time: 2013-05-02 19:31:36 +0000
# ************************************************************

/*!40101 SET @OLD_CHARACTER_SET_CLIENT=@@CHARACTER_SET_CLIENT */;
/*!40101 SET @OLD_CHARACTER_SET_RESULTS=@@CHARACTER_SET_RESULTS */;
/*!40101 SET @OLD_COLLATION_CONNECTION=@@COLLATION_CONNECTION */;
/*!40101 SET NAMES utf8 */;
/*!40014 SET @OLD_UNIQUE_CHECKS=@@UNIQUE_CHECKS, UNIQUE_CHECKS=0 */;
/*!40014 SET @OLD_FOREIGN_KEY_CHECKS=@@FOREIGN_KEY_CHECKS, FOREIGN_KEY_CHECKS=0 */;
/*!40101 SET @OLD_SQL_MODE=@@SQL_MODE, SQL_MODE='NO_AUTO_VALUE_ON_ZERO' */;
/*!40111 SET @OLD_SQL_NOTES=@@SQL_NOTES, SQL_NOTES=0 */;


# Dump of table ontol_tool_kit_types
# ------------------------------------------------------------

DROP TABLE IF EXISTS `ontol_tool_kit_types`;

CREATE TABLE `ontol_tool_kit_types` (
  `id` int(11) NOT NULL AUTO_INCREMENT,
  `name` varchar(255) DEFAULT NULL,
  `category` varchar(255) DEFAULT NULL,
  `ontolToolKitParentId` int(11) DEFAULT NULL,
  `created_at` datetime NOT NULL,
  `updated_at` datetime NOT NULL,
  PRIMARY KEY (`id`)
) ENGINE=InnoDB AUTO_INCREMENT=2 DEFAULT CHARSET=latin1;

LOCK TABLES `ontol_tool_kit_types` WRITE;
/*!40000 ALTER TABLE `ontol_tool_kit_types` DISABLE KEYS */;
INSERT INTO `ontol_tool_kit_types` (`id`,`name`,`category`,`ontolToolKitParentId`,`created_at`,`updated_at`)
VALUES
	(1,'lexical',NULL,NULL,'2013-03-14 20:36:41','2013-03-14 20:36:41');

/*!40000 ALTER TABLE `ontol_tool_kit_types` ENABLE KEYS */;
UNLOCK TABLES;


# Dump of table ontol_tool_kits
# ------------------------------------------------------------

DROP TABLE IF EXISTS `ontol_tool_kits`;

CREATE TABLE `ontol_tool_kits` (
  `id` int(11) NOT NULL AUTO_INCREMENT,
  `name` varchar(255) DEFAULT NULL,
  `description` text,
  `ontologyId` int(11) DEFAULT NULL,
  `created_at` datetime NOT NULL,
  `updated_at` datetime NOT NULL,
  `version` varchar(255) DEFAULT NULL,
  `otk_type` int(11) DEFAULT NULL,
  PRIMARY KEY (`id`)
) ENGINE=InnoDB AUTO_INCREMENT=2 DEFAULT CHARSET=latin1;

LOCK TABLES `ontol_tool_kits` WRITE;
/*!40000 ALTER TABLE `ontol_tool_kits` DISABLE KEYS */;
INSERT INTO `ontol_tool_kits` (`id`,`name`,`description`,`ontologyId`,`created_at`,`updated_at`,`version`,`otk_type`)
VALUES
	(1,'ruby-wordnet','The ruby-wordnet gem, using it\'s default DB',1,'2013-03-14 20:36:41','2013-03-14 20:40:00','1.0',1);

/*!40000 ALTER TABLE `ontol_tool_kits` ENABLE KEYS */;
UNLOCK TABLES;


# Dump of table ontologies
# ------------------------------------------------------------

DROP TABLE IF EXISTS `ontologies`;

CREATE TABLE `ontologies` (
  `id` int(11) NOT NULL AUTO_INCREMENT,
  `name` varchar(255) DEFAULT NULL,
  `description` text,
  `ontology_type` int(11) DEFAULT NULL,
  `location` varchar(255) DEFAULT NULL,
  `created_at` datetime NOT NULL,
  `updated_at` datetime NOT NULL,
  `version` varchar(255) DEFAULT NULL,
  `classname` varchar(255) DEFAULT NULL,
  PRIMARY KEY (`id`)
) ENGINE=InnoDB AUTO_INCREMENT=2 DEFAULT CHARSET=latin1;

LOCK TABLES `ontologies` WRITE;
/*!40000 ALTER TABLE `ontologies` DISABLE KEYS */;
INSERT INTO `ontologies` (`id`,`name`,`description`,`ontology_type`,`location`,`created_at`,`updated_at`,`version`,`classname`)
VALUES
	(1,'Wordnet','The WordNet 3.0 default DB',NULL,NULL,'2013-03-14 20:36:41','2013-05-02 14:01:46','3.0 DefaultDB','WordNet::Lexicon');

/*!40000 ALTER TABLE `ontologies` ENABLE KEYS */;
UNLOCK TABLES;


# Dump of table ontology_types
# ------------------------------------------------------------

DROP TABLE IF EXISTS `ontology_types`;

CREATE TABLE `ontology_types` (
  `id` int(11) NOT NULL AUTO_INCREMENT,
  `name` varchar(255) DEFAULT NULL,
  `category` varchar(255) DEFAULT NULL,
  `ontologyTypeParentId` int(11) DEFAULT NULL,
  `created_at` datetime NOT NULL,
  `updated_at` datetime NOT NULL,
  PRIMARY KEY (`id`)
) ENGINE=InnoDB AUTO_INCREMENT=2 DEFAULT CHARSET=latin1;

LOCK TABLES `ontology_types` WRITE;
/*!40000 ALTER TABLE `ontology_types` DISABLE KEYS */;
INSERT INTO `ontology_types` (`id`,`name`,`category`,`ontologyTypeParentId`,`created_at`,`updated_at`)
VALUES
	(1,'lexicon','english',NULL,'2013-03-14 20:36:41','2013-03-14 20:36:41');

/*!40000 ALTER TABLE `ontology_types` ENABLE KEYS */;
UNLOCK TABLES;


# Dump of table schema_migrations
# ------------------------------------------------------------

DROP TABLE IF EXISTS `schema_migrations`;

CREATE TABLE `schema_migrations` (
  `version` varchar(255) NOT NULL,
  UNIQUE KEY `unique_schema_migrations` (`version`)
) ENGINE=InnoDB DEFAULT CHARSET=latin1;

LOCK TABLES `schema_migrations` WRITE;
/*!40000 ALTER TABLE `schema_migrations` DISABLE KEYS */;
INSERT INTO `schema_migrations` (`version`)
VALUES
	('20130411150415'),
	('20130411151032'),
	('20130411151132'),
	('20130422190840'),
	('20130422192001'),
	('20130423164812'),
	('20130423164845'),
	('20130423185847'),
	('20130423190131'),
	('20130423190207'),
	('20130423190238'),
	('20130430151424'),
	('20130430203528'),
	('20130430204250'),
	('20130501190818'),
	('20130501191526');

/*!40000 ALTER TABLE `schema_migrations` ENABLE KEYS */;
UNLOCK TABLES;


# Dump of table seeder_status2s
# ------------------------------------------------------------

DROP TABLE IF EXISTS `seeder_status2s`;

CREATE TABLE `seeder_status2s` (
  `id` int(11) NOT NULL AUTO_INCREMENT,
  `pos` int(11) DEFAULT NULL,
  `group_num` int(11) DEFAULT NULL,
  `offset` int(11) DEFAULT NULL,
  `created_at` datetime NOT NULL,
  `updated_at` datetime NOT NULL,
  PRIMARY KEY (`id`)
) ENGINE=InnoDB DEFAULT CHARSET=latin1;



# Dump of table seeder_statuses
# ------------------------------------------------------------

DROP TABLE IF EXISTS `seeder_statuses`;

CREATE TABLE `seeder_statuses` (
  `id` int(11) NOT NULL AUTO_INCREMENT,
  `pos` int(11) DEFAULT NULL,
  `group_num` int(11) DEFAULT NULL,
  `offset` int(11) DEFAULT NULL,
  `created_at` datetime NOT NULL,
  `updated_at` datetime NOT NULL,
  PRIMARY KEY (`id`)
) ENGINE=InnoDB DEFAULT CHARSET=latin1;



# Dump of table synset_t2_maps
# ------------------------------------------------------------

DROP TABLE IF EXISTS `synset_t2_maps`;

CREATE TABLE `synset_t2_maps` (
  `id` int(11) NOT NULL AUTO_INCREMENT,
  `synset_id` int(11) DEFAULT NULL,
  `th_phrase_definition_id` int(11) DEFAULT NULL,
  `created_at` datetime NOT NULL,
  `updated_at` datetime NOT NULL,
  `th_sequence_id` int(11) DEFAULT NULL,
  `primaries_sequenced` tinyint(1) NOT NULL DEFAULT '0',
  `similars_sequenced` tinyint(1) NOT NULL DEFAULT '0',
  `antonyms_sequenced` tinyint(1) NOT NULL DEFAULT '0',
  `group_num` int(11) DEFAULT '0',
  PRIMARY KEY (`id`)
) ENGINE=InnoDB AUTO_INCREMENT=314 DEFAULT CHARSET=latin1;

LOCK TABLES `synset_t2_maps` WRITE;
/*!40000 ALTER TABLE `synset_t2_maps` DISABLE KEYS */;
INSERT INTO `synset_t2_maps` (`id`,`synset_id`,`th_phrase_definition_id`,`created_at`,`updated_at`,`th_sequence_id`,`primaries_sequenced`,`similars_sequenced`,`antonyms_sequenced`,`group_num`)
VALUES
	(1,300003553,2,'2013-05-02 14:02:12','2013-05-02 14:02:41',1,1,1,0,1),
	(2,300003553,3,'2013-05-02 14:02:12','2013-05-02 14:02:34',1,1,0,0,1),
	(3,300003700,4,'2013-05-02 14:02:12','2013-05-02 14:02:42',2,1,1,0,1),
	(4,300003829,5,'2013-05-02 14:02:12','2013-05-02 14:02:42',3,1,1,0,1),
	(5,300004171,6,'2013-05-02 14:02:12','2013-05-02 14:02:43',4,1,1,0,1),
	(6,300004296,7,'2013-05-02 14:02:12','2013-05-02 14:02:43',5,1,1,0,1),
	(7,300004615,8,'2013-05-02 14:02:12','2013-05-02 14:02:44',6,1,1,0,1),
	(8,300004615,9,'2013-05-02 14:02:12','2013-05-02 14:02:34',6,1,0,0,1),
	(9,300004723,10,'2013-05-02 14:02:12','2013-05-02 14:02:44',7,1,1,0,1),
	(10,300004817,11,'2013-05-02 14:02:12','2013-05-02 14:02:45',8,1,1,0,1),
	(11,300005107,12,'2013-05-02 14:02:12','2013-05-02 14:02:45',9,1,1,0,1),
	(12,300005107,13,'2013-05-02 14:02:12','2013-05-02 14:02:34',9,1,0,0,1),
	(13,300005473,14,'2013-05-02 14:02:12','2013-05-02 14:02:46',10,1,1,0,1),
	(14,300005599,15,'2013-05-02 14:02:12','2013-05-02 14:02:46',11,1,1,0,1),
	(15,300005599,16,'2013-05-02 14:02:12','2013-05-02 14:02:34',11,1,0,0,1),
	(16,300005718,17,'2013-05-02 14:02:12','2013-05-02 14:02:47',12,1,1,0,1),
	(17,300005839,18,'2013-05-02 14:02:12','2013-05-02 14:02:47',13,1,1,0,1),
	(18,300006245,19,'2013-05-02 14:02:12','2013-05-02 14:02:48',14,1,1,0,1),
	(19,300006777,20,'2013-05-02 14:02:12','2013-05-02 14:02:48',15,1,1,0,1),
	(20,300006777,21,'2013-05-02 14:02:12','2013-05-02 14:02:34',15,1,0,0,1),
	(21,300006885,22,'2013-05-02 14:02:12','2013-05-02 14:02:49',16,1,1,0,1),
	(22,300006885,23,'2013-05-02 14:02:12','2013-05-02 14:02:34',16,1,0,0,1),
	(23,300006885,24,'2013-05-02 14:02:12','2013-05-02 14:02:34',16,1,0,0,1),
	(24,300007096,25,'2013-05-02 14:02:13','2013-05-02 14:02:49',17,1,1,0,1),
	(25,300007208,26,'2013-05-02 14:02:13','2013-05-02 14:02:50',18,1,1,0,1),
	(26,300007331,27,'2013-05-02 14:02:13','2013-05-02 14:02:50',19,1,1,0,1),
	(27,300007516,28,'2013-05-02 14:02:13','2013-05-02 14:02:51',20,1,1,0,1),
	(28,300007516,29,'2013-05-02 14:02:13','2013-05-02 14:02:34',20,1,0,0,1),
	(29,300007697,30,'2013-05-02 14:02:13','2013-05-02 14:02:51',21,1,1,0,1),
	(30,300007990,31,'2013-05-02 14:02:13','2013-05-02 14:02:52',22,1,1,0,1),
	(31,300007990,32,'2013-05-02 14:02:13','2013-05-02 14:02:34',22,1,0,0,1),
	(32,300008443,33,'2013-05-02 14:02:13','2013-05-02 14:02:52',23,1,1,0,1),
	(33,300008443,34,'2013-05-02 14:02:13','2013-05-02 14:02:34',23,1,0,0,1),
	(34,300009346,35,'2013-05-02 14:02:13','2013-05-02 14:02:53',24,1,1,0,1),
	(35,300009346,36,'2013-05-02 14:02:13','2013-05-02 14:02:34',24,1,0,0,1),
	(36,300009618,37,'2013-05-02 14:02:13','2013-05-02 14:02:53',25,1,1,0,1),
	(37,300009618,38,'2013-05-02 14:02:13','2013-05-02 14:02:34',25,1,0,0,1),
	(38,300009618,39,'2013-05-02 14:02:13','2013-05-02 14:02:34',25,1,0,0,1),
	(39,300009618,40,'2013-05-02 14:02:13','2013-05-02 14:02:34',25,1,0,0,1),
	(40,300010385,41,'2013-05-02 14:02:13','2013-05-02 14:02:54',26,1,1,0,1),
	(41,300010537,42,'2013-05-02 14:02:13','2013-05-02 14:02:54',27,1,1,0,1),
	(42,300010537,43,'2013-05-02 14:02:13','2013-05-02 14:02:34',27,1,0,0,1),
	(43,300010726,44,'2013-05-02 14:02:13','2013-05-02 14:02:55',28,1,1,0,1),
	(44,300010726,45,'2013-05-02 14:02:13','2013-05-02 14:02:34',28,1,0,0,1),
	(45,300010726,46,'2013-05-02 14:02:13','2013-05-02 14:02:35',28,1,0,0,1),
	(46,300010726,47,'2013-05-02 14:02:13','2013-05-02 14:02:35',28,1,0,0,1),
	(47,300010726,48,'2013-05-02 14:02:13','2013-05-02 14:02:35',28,1,0,0,1),
	(48,300010726,49,'2013-05-02 14:02:13','2013-05-02 14:02:35',28,1,0,0,1),
	(49,300010726,50,'2013-05-02 14:02:13','2013-05-02 14:02:35',28,1,0,0,1),
	(50,300011160,51,'2013-05-02 14:02:13','2013-05-02 14:02:55',29,1,1,0,1),
	(51,300011327,52,'2013-05-02 14:02:13','2013-05-02 14:02:55',30,1,1,0,1),
	(52,300011327,53,'2013-05-02 14:02:13','2013-05-02 14:02:36',30,1,0,0,1),
	(53,300011327,54,'2013-05-02 14:02:13','2013-05-02 14:02:36',30,1,0,0,1),
	(54,300011327,55,'2013-05-02 14:02:13','2013-05-02 14:02:36',30,1,0,0,1),
	(55,300011327,56,'2013-05-02 14:02:13','2013-05-02 14:02:37',30,1,0,0,1),
	(56,300011665,57,'2013-05-02 14:02:13','2013-05-02 14:02:56',31,1,1,0,1),
	(57,300011665,58,'2013-05-02 14:02:13','2013-05-02 14:02:37',31,1,0,0,1),
	(58,300012071,59,'2013-05-02 14:02:13','2013-05-02 14:02:56',32,1,1,0,1),
	(59,300012071,60,'2013-05-02 14:02:13','2013-05-02 14:02:37',32,1,0,0,1),
	(60,300012071,61,'2013-05-02 14:02:13','2013-05-02 14:02:37',32,1,0,0,1),
	(61,300012362,62,'2013-05-02 14:02:13','2013-05-02 14:02:57',33,1,1,0,1),
	(62,300012689,63,'2013-05-02 14:02:13','2013-05-02 14:02:57',34,1,1,0,1),
	(63,300012932,64,'2013-05-02 14:02:13','2013-05-02 14:02:58',35,1,1,0,1),
	(64,300012932,65,'2013-05-02 14:02:13','2013-05-02 14:02:37',35,1,0,0,1),
	(65,300013442,66,'2013-05-02 14:02:13','2013-05-02 14:02:58',36,1,1,0,1),
	(66,300013662,67,'2013-05-02 14:02:13','2013-05-02 14:02:59',37,1,1,0,1),
	(67,300013662,68,'2013-05-02 14:02:13','2013-05-02 14:02:37',37,1,0,0,1),
	(68,300014358,69,'2013-05-02 14:02:13','2013-05-02 14:02:59',38,1,1,0,1),
	(69,300014358,70,'2013-05-02 14:02:13','2013-05-02 14:02:37',38,1,0,0,1),
	(70,300014490,71,'2013-05-02 14:02:13','2013-05-02 14:03:00',39,1,1,0,1),
	(71,300014490,72,'2013-05-02 14:02:13','2013-05-02 14:02:38',39,1,0,0,1),
	(72,300014490,73,'2013-05-02 14:02:13','2013-05-02 14:02:38',39,1,0,0,1),
	(73,300014490,74,'2013-05-02 14:02:13','2013-05-02 14:02:38',39,1,0,0,1),
	(74,300014490,75,'2013-05-02 14:02:13','2013-05-02 14:02:38',39,1,0,0,1),
	(75,300014858,76,'2013-05-02 14:02:13','2013-05-02 14:03:00',40,1,1,0,1),
	(76,300014858,77,'2013-05-02 14:02:13','2013-05-02 14:02:38',40,1,0,0,1),
	(77,300015097,78,'2013-05-02 14:02:14','2013-05-02 14:03:01',41,1,1,0,1),
	(78,300015247,79,'2013-05-02 14:02:14','2013-05-02 14:03:01',42,1,1,0,1),
	(79,300015247,80,'2013-05-02 14:02:14','2013-05-02 14:02:38',42,1,0,0,1),
	(80,300015247,81,'2013-05-02 14:02:14','2013-05-02 14:02:38',42,1,0,0,1),
	(81,300015247,82,'2013-05-02 14:02:14','2013-05-02 14:02:38',42,1,0,0,1),
	(82,300015247,83,'2013-05-02 14:02:14','2013-05-02 14:02:38',42,1,0,0,1),
	(83,300015480,84,'2013-05-02 14:02:14','2013-05-02 14:03:02',43,1,1,0,1),
	(84,300015589,85,'2013-05-02 14:02:14','2013-05-02 14:03:02',44,1,1,0,1),
	(85,300015720,86,'2013-05-02 14:02:14','2013-05-02 14:03:03',45,1,1,0,1),
	(86,300015720,87,'2013-05-02 14:02:14','2013-05-02 14:02:38',45,1,0,0,1),
	(87,300015720,88,'2013-05-02 14:02:14','2013-05-02 14:02:38',45,1,0,0,1),
	(88,300015854,89,'2013-05-02 14:02:14','2013-05-02 14:03:03',46,1,1,0,1),
	(89,300016005,90,'2013-05-02 14:02:14','2013-05-02 14:03:04',47,1,1,0,1),
	(90,300016135,91,'2013-05-02 14:02:14','2013-05-02 14:03:04',48,1,1,0,1),
	(91,300016247,92,'2013-05-02 14:02:14','2013-05-02 14:03:05',49,1,1,0,1),
	(92,300016350,93,'2013-05-02 14:02:14','2013-05-02 14:03:05',50,1,1,0,1),
	(93,300001740,94,'2013-05-02 14:02:14','2013-05-02 14:03:54',51,1,0,1,1),
	(94,300002098,95,'2013-05-02 14:02:14','2013-05-02 14:03:55',52,1,0,1,1),
	(95,300002312,96,'2013-05-02 14:02:14','2013-05-02 14:03:56',53,1,0,1,1),
	(96,300002312,97,'2013-05-02 14:02:14','2013-05-02 14:02:38',53,1,0,0,1),
	(97,300002527,98,'2013-05-02 14:02:14','2013-05-02 14:03:57',54,1,0,1,1),
	(98,300002527,99,'2013-05-02 14:02:14','2013-05-02 14:02:38',54,1,0,0,1),
	(99,300002730,100,'2013-05-02 14:02:14','2013-05-02 14:03:58',55,1,0,1,1),
	(100,300002843,101,'2013-05-02 14:02:14','2013-05-02 14:03:59',56,1,0,1,1),
	(101,300002956,102,'2013-05-02 14:02:14','2013-05-02 14:03:59',57,1,0,1,1),
	(102,300002956,103,'2013-05-02 14:02:14','2013-05-02 14:02:38',57,1,0,0,1),
	(103,300003131,104,'2013-05-02 14:02:14','2013-05-02 14:04:00',58,1,0,1,1),
	(104,300003131,105,'2013-05-02 14:02:14','2013-05-02 14:02:38',58,1,0,0,1),
	(105,300003131,106,'2013-05-02 14:02:14','2013-05-02 14:02:38',58,1,0,0,1),
	(106,300003356,107,'2013-05-02 14:02:14','2013-05-02 14:04:01',59,1,1,1,1),
	(107,300003939,108,'2013-05-02 14:02:14','2013-05-02 14:04:02',60,1,1,1,1),
	(108,300004413,109,'2013-05-02 14:02:14','2013-05-02 14:04:03',61,1,1,1,1),
	(109,300004980,110,'2013-05-02 14:02:14','2013-05-02 14:04:04',62,1,1,1,1),
	(110,300005205,111,'2013-05-02 14:02:14','2013-05-02 14:04:05',63,1,1,1,1),
	(111,300006032,112,'2013-05-02 14:02:14','2013-05-02 14:04:06',64,1,1,1,1),
	(112,300006032,113,'2013-05-02 14:02:14','2013-05-02 14:02:39',64,1,0,0,1),
	(113,300006336,114,'2013-05-02 14:02:14','2013-05-02 14:04:06',65,1,1,1,1),
	(114,300006336,115,'2013-05-02 14:02:14','2013-05-02 14:02:40',65,1,0,0,1),
	(115,300007813,116,'2013-05-02 14:02:14','2013-05-02 14:04:07',66,1,1,1,1),
	(116,300007813,117,'2013-05-02 14:02:14','2013-05-02 14:02:40',66,1,0,0,1),
	(117,300008206,118,'2013-05-02 14:02:14','2013-05-02 14:04:08',67,1,1,1,1),
	(118,300008206,119,'2013-05-02 14:02:14','2013-05-02 14:02:40',67,1,0,0,1),
	(119,300008206,120,'2013-05-02 14:02:14','2013-05-02 14:02:40',67,1,0,0,1),
	(120,300008595,121,'2013-05-02 14:02:14','2013-05-02 14:04:08',68,1,0,1,1),
	(121,300008595,122,'2013-05-02 14:02:14','2013-05-02 14:02:40',68,1,0,0,1),
	(122,300008734,123,'2013-05-02 14:02:14','2013-05-02 14:04:09',69,1,0,1,1),
	(123,300008877,124,'2013-05-02 14:02:14','2013-05-02 14:04:11',70,1,0,1,1),
	(124,300008877,125,'2013-05-02 14:02:14','2013-05-02 14:02:40',70,1,0,0,1),
	(125,300009046,126,'2013-05-02 14:02:14','2013-05-02 14:04:12',71,1,1,1,1),
	(126,300009978,127,'2013-05-02 14:02:14','2013-05-02 14:04:12',72,1,1,1,1),
	(127,300011757,128,'2013-05-02 14:02:15','2013-05-02 14:04:14',73,1,1,1,1),
	(128,300013160,129,'2013-05-02 14:02:15','2013-05-02 14:04:15',74,1,1,1,1),
	(129,300013887,130,'2013-05-02 14:02:15','2013-05-02 14:04:16',75,1,1,1,1),
	(130,300016756,131,'2013-05-02 14:02:15','2013-05-02 14:04:16',76,1,0,1,1),
	(131,300017352,132,'2013-05-02 14:02:15','2013-05-02 14:04:17',77,1,0,1,1),
	(132,300017352,133,'2013-05-02 14:02:15','2013-05-02 14:02:40',77,1,0,0,1),
	(133,300017352,134,'2013-05-02 14:02:15','2013-05-02 14:02:40',77,1,0,0,1),
	(134,300017352,135,'2013-05-02 14:02:15','2013-05-02 14:02:40',77,1,0,0,1),
	(135,300017688,136,'2013-05-02 14:02:15','2013-05-02 14:04:18',78,1,0,1,1),
	(136,300017782,137,'2013-05-02 14:02:15','2013-05-02 14:04:19',79,1,0,1,1),
	(137,300018584,138,'2013-05-02 14:02:15','2013-05-02 14:04:20',80,1,0,1,1),
	(138,300019131,139,'2013-05-02 14:02:15','2013-05-02 14:04:21',81,1,0,1,1),
	(139,300019874,140,'2013-05-02 14:02:15','2013-05-02 14:04:21',82,1,0,1,1),
	(140,300019874,141,'2013-05-02 14:02:15','2013-05-02 14:02:40',82,1,0,0,1),
	(141,300020787,142,'2013-05-02 14:02:15','2013-05-02 14:04:22',83,1,0,1,1),
	(142,300020787,143,'2013-05-02 14:02:15','2013-05-02 14:02:40',83,1,0,0,1),
	(143,300021403,144,'2013-05-02 14:02:15','2013-05-02 14:04:23',84,1,0,1,1),
	(144,300021403,145,'2013-05-02 14:02:15','2013-05-02 14:02:40',84,1,0,0,1),
	(145,300021766,146,'2013-05-02 14:02:15','2013-05-02 14:04:24',85,1,0,1,1),
	(146,300023383,147,'2013-05-02 14:02:15','2013-05-02 14:04:25',86,1,0,1,1),
	(147,300024417,148,'2013-05-02 14:02:15','2013-05-02 14:04:26',87,1,0,1,1),
	(148,300024834,149,'2013-05-02 14:02:15','2013-05-02 14:04:26',88,1,0,1,1),
	(149,300025238,150,'2013-05-02 14:02:15','2013-05-02 14:04:27',89,1,0,1,1),
	(150,300025728,151,'2013-05-02 14:02:15','2013-05-02 14:04:28',90,1,0,1,1),
	(151,300025728,152,'2013-05-02 14:02:15','2013-05-02 14:02:40',90,1,0,0,1),
	(152,300026515,153,'2013-05-02 14:02:15','2013-05-02 14:04:29',91,1,0,1,1),
	(153,300026515,154,'2013-05-02 14:02:15','2013-05-02 14:02:40',91,1,0,0,1),
	(154,300026706,155,'2013-05-02 14:02:15','2013-05-02 14:04:30',92,1,0,1,1),
	(155,300027074,156,'2013-05-02 14:02:15','2013-05-02 14:04:30',93,1,0,1,1),
	(156,300027247,157,'2013-05-02 14:02:15','2013-05-02 14:04:31',94,1,0,1,1),
	(157,300028672,158,'2013-05-02 14:02:15','2013-05-02 14:04:32',95,1,0,1,1),
	(158,300029343,159,'2013-05-02 14:02:15','2013-05-02 14:04:33',96,1,0,1,1),
	(159,300031533,160,'2013-05-02 14:02:15','2013-05-02 14:04:34',97,1,0,1,1),
	(160,300031674,161,'2013-05-02 14:02:15','2013-05-02 14:04:35',98,1,0,1,1),
	(161,300031824,162,'2013-05-02 14:02:15','2013-05-02 14:04:36',99,1,0,1,1),
	(162,300031974,163,'2013-05-02 14:02:15','2013-05-02 14:02:40',100,1,0,0,1),
	(163,300016532,164,'2013-05-02 14:04:36','2013-05-02 14:04:45',101,1,1,0,2),
	(164,300016647,165,'2013-05-02 14:04:36','2013-05-02 14:04:45',102,1,1,0,2),
	(165,300017024,166,'2013-05-02 14:04:36','2013-05-02 14:04:46',103,1,1,0,2),
	(166,300017186,167,'2013-05-02 14:04:36','2013-05-02 14:04:46',104,1,1,0,2),
	(167,300017509,168,'2013-05-02 14:04:36','2013-05-02 14:04:47',105,1,1,0,2),
	(168,300018069,169,'2013-05-02 14:04:36','2013-05-02 14:04:47',106,1,1,0,2),
	(169,300018222,170,'2013-05-02 14:04:36','2013-05-02 14:04:48',107,1,1,0,2),
	(170,300018222,171,'2013-05-02 14:04:36','2013-05-02 14:04:43',107,1,0,0,2),
	(171,300018435,172,'2013-05-02 14:04:36','2013-05-02 14:04:48',108,1,1,0,2),
	(172,300018850,173,'2013-05-02 14:04:36','2013-05-02 14:04:49',109,1,1,0,2),
	(173,300018850,174,'2013-05-02 14:04:36','2013-05-02 14:04:43',109,1,0,0,2),
	(174,300019349,175,'2013-05-02 14:04:36','2013-05-02 14:04:49',110,1,1,0,2),
	(175,300019349,176,'2013-05-02 14:04:37','2013-05-02 14:04:43',110,1,0,0,2),
	(176,300019505,177,'2013-05-02 14:04:37','2013-05-02 14:04:50',111,1,1,0,2),
	(177,300019505,178,'2013-05-02 14:04:37','2013-05-02 14:04:43',111,1,0,0,2),
	(178,300019505,179,'2013-05-02 14:04:37','2013-05-02 14:04:43',111,1,0,0,2),
	(179,300019731,180,'2013-05-02 14:04:37','2013-05-02 14:04:50',112,1,1,0,2),
	(180,300019731,181,'2013-05-02 14:04:37','2013-05-02 14:04:43',112,1,0,0,2),
	(181,300020103,182,'2013-05-02 14:04:37','2013-05-02 14:04:50',113,1,1,0,2),
	(182,300020103,183,'2013-05-02 14:04:37','2013-05-02 14:04:43',113,1,0,0,2),
	(183,300020241,184,'2013-05-02 14:04:37','2013-05-02 14:04:51',114,1,1,0,2),
	(184,300020241,185,'2013-05-02 14:04:37','2013-05-02 14:04:43',114,1,0,0,2),
	(185,300020241,186,'2013-05-02 14:04:37','2013-05-02 14:04:43',114,1,0,0,2),
	(186,300020241,187,'2013-05-02 14:04:37','2013-05-02 14:04:43',114,1,0,0,2),
	(187,300020241,188,'2013-05-02 14:04:37','2013-05-02 14:04:43',114,1,0,0,2),
	(188,300020241,189,'2013-05-02 14:04:37','2013-05-02 14:04:43',114,1,0,0,2),
	(189,300020410,190,'2013-05-02 14:04:37','2013-05-02 14:04:51',115,1,1,0,2),
	(190,300020410,191,'2013-05-02 14:04:37','2013-05-02 14:04:43',115,1,0,0,2),
	(191,300020410,192,'2013-05-02 14:04:37','2013-05-02 14:04:43',115,1,0,0,2),
	(192,300020410,193,'2013-05-02 14:04:37','2013-05-02 14:04:43',115,1,0,0,2),
	(193,300020647,194,'2013-05-02 14:04:37','2013-05-02 14:04:52',116,1,1,0,2),
	(194,300020647,195,'2013-05-02 14:04:37','2013-05-02 14:04:43',116,1,0,0,2),
	(195,300020647,196,'2013-05-02 14:04:37','2013-05-02 14:04:43',116,1,0,0,2),
	(196,300021110,197,'2013-05-02 14:04:37','2013-05-02 14:04:52',117,1,1,0,2),
	(197,300021110,198,'2013-05-02 14:04:37','2013-05-02 14:04:43',117,1,0,0,2),
	(198,300021592,199,'2013-05-02 14:04:37','2013-05-02 14:04:53',118,1,1,0,2),
	(199,300021592,200,'2013-05-02 14:04:37','2013-05-02 14:04:43',118,1,0,0,2),
	(200,300022219,201,'2013-05-02 14:04:37','2013-05-02 14:04:53',119,1,1,0,2),
	(201,300022219,202,'2013-05-02 14:04:37','2013-05-02 14:04:43',119,1,0,0,2),
	(202,300022437,203,'2013-05-02 14:04:37','2013-05-02 14:04:54',120,1,1,0,2),
	(203,300022680,204,'2013-05-02 14:04:37','2013-05-02 14:04:54',121,1,1,0,2),
	(204,300022680,205,'2013-05-02 14:04:37','2013-05-02 14:04:43',121,1,0,0,2),
	(205,300022852,206,'2013-05-02 14:04:37','2013-05-02 14:04:55',122,1,1,0,2),
	(206,300022962,207,'2013-05-02 14:04:37','2013-05-02 14:04:55',123,1,1,0,2),
	(207,300023120,208,'2013-05-02 14:04:37','2013-05-02 14:04:56',124,1,1,0,2),
	(208,300023120,209,'2013-05-02 14:04:37','2013-05-02 14:04:43',124,1,0,0,2),
	(209,300023278,210,'2013-05-02 14:04:37','2013-05-02 14:04:56',125,1,1,0,2),
	(210,300023278,211,'2013-05-02 14:04:37','2013-05-02 14:04:43',125,1,0,0,2),
	(211,300023655,212,'2013-05-02 14:04:37','2013-05-02 14:04:57',126,1,1,0,2),
	(212,300023655,213,'2013-05-02 14:04:37','2013-05-02 14:04:43',126,1,0,0,2),
	(213,300023854,214,'2013-05-02 14:04:37','2013-05-02 14:04:57',127,1,1,0,2),
	(214,300023854,215,'2013-05-02 14:04:37','2013-05-02 14:04:43',127,1,0,0,2),
	(215,300023854,216,'2013-05-02 14:04:37','2013-05-02 14:04:43',127,1,0,0,2),
	(216,300024139,217,'2013-05-02 14:04:37','2013-05-02 14:04:58',128,1,1,0,2),
	(217,300024241,218,'2013-05-02 14:04:37','2013-05-02 14:04:58',129,1,1,0,2),
	(218,300024241,219,'2013-05-02 14:04:37','2013-05-02 14:04:43',129,1,0,0,2),
	(219,300024619,220,'2013-05-02 14:04:37','2013-05-02 14:04:59',130,1,1,0,2),
	(220,300024619,221,'2013-05-02 14:04:37','2013-05-02 14:04:43',130,1,0,0,2),
	(221,300024996,222,'2013-05-02 14:04:37','2013-05-02 14:04:59',131,1,1,0,2),
	(222,300025138,223,'2013-05-02 14:04:37','2013-05-02 14:04:59',132,1,1,0,2),
	(223,300025470,224,'2013-05-02 14:04:37','2013-05-02 14:05:00',133,1,1,0,2),
	(224,300025633,225,'2013-05-02 14:04:37','2013-05-02 14:05:00',134,1,1,0,2),
	(225,300026051,226,'2013-05-02 14:04:38','2013-05-02 14:05:01',135,1,1,0,2),
	(226,300026051,227,'2013-05-02 14:04:38','2013-05-02 14:04:43',135,1,0,0,2),
	(227,300026168,228,'2013-05-02 14:04:38','2013-05-02 14:05:01',136,1,1,0,2),
	(228,300026294,229,'2013-05-02 14:04:38','2013-05-02 14:05:02',137,1,1,0,2),
	(229,300026388,230,'2013-05-02 14:04:38','2013-05-02 14:05:02',138,1,1,0,2),
	(230,300026895,231,'2013-05-02 14:04:38','2013-05-02 14:05:03',139,1,1,0,2),
	(231,300026895,232,'2013-05-02 14:04:38','2013-05-02 14:04:43',139,1,0,0,2),
	(232,300026895,233,'2013-05-02 14:04:38','2013-05-02 14:04:43',139,1,0,0,2),
	(233,300027599,234,'2013-05-02 14:04:38','2013-05-02 14:05:03',140,1,1,0,2),
	(234,300027599,235,'2013-05-02 14:04:38','2013-05-02 14:04:43',140,1,0,0,2),
	(235,300027599,236,'2013-05-02 14:04:38','2013-05-02 14:04:43',140,1,0,0,2),
	(236,300027833,237,'2013-05-02 14:04:38','2013-05-02 14:05:04',141,1,1,0,2),
	(237,300028008,238,'2013-05-02 14:04:38','2013-05-02 14:05:04',142,1,1,0,2),
	(238,300028181,239,'2013-05-02 14:04:38','2013-05-02 14:05:05',143,1,1,0,2),
	(239,300028280,240,'2013-05-02 14:04:38','2013-05-02 14:05:05',144,1,1,0,2),
	(240,300028280,241,'2013-05-02 14:04:38','2013-05-02 14:04:43',144,1,0,0,2),
	(241,300028471,242,'2013-05-02 14:04:38','2013-05-02 14:05:05',145,1,1,0,2),
	(242,300028867,243,'2013-05-02 14:04:38','2013-05-02 14:05:06',146,1,1,0,2),
	(243,300028867,244,'2013-05-02 14:04:38','2013-05-02 14:04:43',146,1,0,0,2),
	(244,300028867,245,'2013-05-02 14:04:38','2013-05-02 14:04:43',146,1,0,0,2),
	(245,300028984,246,'2013-05-02 14:04:38','2013-05-02 14:05:07',147,1,1,0,2),
	(246,300028984,247,'2013-05-02 14:04:38','2013-05-02 14:04:43',147,1,0,0,2),
	(247,300029108,248,'2013-05-02 14:04:38','2013-05-02 14:05:07',148,1,1,0,2),
	(248,300029216,249,'2013-05-02 14:04:38','2013-05-02 14:05:07',149,1,1,0,2),
	(249,300029216,250,'2013-05-02 14:04:38','2013-05-02 14:04:43',149,1,0,0,2),
	(250,300029769,251,'2013-05-02 14:04:38','2013-05-02 14:05:08',150,1,1,0,2),
	(251,300033574,252,'2013-05-02 14:04:38','2013-05-02 14:05:54',151,1,0,1,2),
	(252,300034710,253,'2013-05-02 14:04:38','2013-05-02 14:05:54',152,1,0,1,2),
	(253,300035074,254,'2013-05-02 14:04:38','2013-05-02 14:05:55',153,1,0,1,2),
	(254,300035465,255,'2013-05-02 14:04:38','2013-05-02 14:05:56',154,1,0,1,2),
	(255,300036481,256,'2013-05-02 14:04:38','2013-05-02 14:05:58',155,1,0,1,2),
	(256,300037457,257,'2013-05-02 14:04:38','2013-05-02 14:05:59',156,1,0,1,2),
	(257,300037757,258,'2013-05-02 14:04:38','2013-05-02 14:06:00',157,1,0,1,2),
	(258,300038750,259,'2013-05-02 14:04:38','2013-05-02 14:06:00',158,1,0,1,2),
	(259,300039592,260,'2013-05-02 14:04:38','2013-05-02 14:06:01',159,1,0,1,2),
	(260,300039592,261,'2013-05-02 14:04:38','2013-05-02 14:04:43',159,1,0,0,2),
	(261,300040325,262,'2013-05-02 14:04:38','2013-05-02 14:06:02',160,1,0,1,2),
	(262,300040685,263,'2013-05-02 14:04:38','2013-05-02 14:06:02',161,1,0,1,2),
	(263,300040685,264,'2013-05-02 14:04:38','2013-05-02 14:04:43',161,1,0,0,2),
	(264,300041051,265,'2013-05-02 14:04:38','2013-05-02 14:06:03',162,1,0,1,2),
	(265,300041361,266,'2013-05-02 14:04:38','2013-05-02 14:06:04',163,1,0,1,2),
	(266,300041618,267,'2013-05-02 14:04:38','2013-05-02 14:06:05',164,1,0,1,2),
	(267,300041618,268,'2013-05-02 14:04:38','2013-05-02 14:04:43',164,1,0,0,2),
	(268,300041841,269,'2013-05-02 14:04:38','2013-05-02 14:06:06',165,1,0,1,2),
	(269,300042037,270,'2013-05-02 14:04:38','2013-05-02 14:06:06',166,1,0,1,2),
	(270,300042228,271,'2013-05-02 14:04:38','2013-05-02 14:06:07',167,1,0,1,2),
	(271,300042457,272,'2013-05-02 14:04:38','2013-05-02 14:06:08',168,1,0,1,2),
	(272,300043125,273,'2013-05-02 14:04:38','2013-05-02 14:06:09',169,1,0,1,2),
	(273,300043411,274,'2013-05-02 14:04:38','2013-05-02 14:06:10',170,1,0,1,2),
	(274,300043615,275,'2013-05-02 14:04:38','2013-05-02 14:06:11',171,1,0,1,2),
	(275,300043765,276,'2013-05-02 14:04:39','2013-05-02 14:06:11',172,1,0,1,2),
	(276,300043765,277,'2013-05-02 14:04:39','2013-05-02 14:04:43',172,1,0,0,2),
	(277,300044353,278,'2013-05-02 14:04:39','2013-05-02 14:06:12',173,1,0,1,2),
	(278,300044353,279,'2013-05-02 14:04:39','2013-05-02 14:04:43',173,1,0,0,2),
	(279,300044760,280,'2013-05-02 14:04:39','2013-05-02 14:06:13',174,1,0,1,2),
	(280,300045123,281,'2013-05-02 14:04:39','2013-05-02 14:06:14',175,1,0,1,2),
	(281,300045561,282,'2013-05-02 14:04:39','2013-05-02 14:06:14',176,1,0,1,2),
	(282,300046014,283,'2013-05-02 14:04:39','2013-05-02 14:06:15',177,1,0,1,2),
	(283,300046109,284,'2013-05-02 14:04:39','2013-05-02 14:06:16',178,1,0,1,2),
	(284,300046109,285,'2013-05-02 14:04:39','2013-05-02 14:04:44',178,1,0,0,2),
	(285,300046673,286,'2013-05-02 14:04:39','2013-05-02 14:06:17',179,1,0,1,2),
	(286,300047029,287,'2013-05-02 14:04:39','2013-05-02 14:06:18',180,1,0,1,2),
	(287,300047566,288,'2013-05-02 14:04:39','2013-05-02 14:06:18',181,1,0,1,2),
	(288,300047786,289,'2013-05-02 14:04:39','2013-05-02 14:06:19',182,1,0,1,2),
	(289,300047786,290,'2013-05-02 14:04:39','2013-05-02 14:04:44',182,1,0,0,2),
	(290,300047954,291,'2013-05-02 14:04:39','2013-05-02 14:06:20',183,1,0,1,2),
	(291,300048129,292,'2013-05-02 14:04:39','2013-05-02 14:06:21',184,1,0,1,2),
	(292,300050083,293,'2013-05-02 14:04:39','2013-05-02 14:06:22',185,1,0,1,2),
	(293,300050641,294,'2013-05-02 14:04:39','2013-05-02 14:06:23',186,1,0,1,2),
	(294,300050947,295,'2013-05-02 14:04:39','2013-05-02 14:06:23',187,1,0,1,2),
	(295,300051045,296,'2013-05-02 14:04:39','2013-05-02 14:06:24',188,1,0,1,2),
	(296,300051045,297,'2013-05-02 14:04:39','2013-05-02 14:04:44',188,1,0,0,2),
	(297,300051696,298,'2013-05-02 14:04:39','2013-05-02 14:06:25',189,1,0,1,2),
	(298,300051696,299,'2013-05-02 14:04:39','2013-05-02 14:04:44',189,1,0,0,2),
	(299,300052672,300,'2013-05-02 14:04:39','2013-05-02 14:06:26',190,1,0,1,2),
	(300,300054908,301,'2013-05-02 14:04:39','2013-05-02 14:06:27',191,1,0,1,2),
	(301,300055340,302,'2013-05-02 14:04:39','2013-05-02 14:06:28',192,1,0,1,2),
	(302,300055340,303,'2013-05-02 14:04:39','2013-05-02 14:04:44',192,1,0,0,2),
	(303,300055539,304,'2013-05-02 14:04:39','2013-05-02 14:06:29',193,1,0,1,2),
	(304,300055539,305,'2013-05-02 14:04:39','2013-05-02 14:04:44',193,1,0,0,2),
	(305,300055765,306,'2013-05-02 14:04:39','2013-05-02 14:06:30',194,1,0,1,2),
	(306,300055906,307,'2013-05-02 14:04:39','2013-05-02 14:06:30',195,1,0,1,2),
	(307,300056002,308,'2013-05-02 14:04:39','2013-05-02 14:06:31',196,1,0,1,2),
	(308,300056002,309,'2013-05-02 14:04:39','2013-05-02 14:04:44',196,1,0,0,2),
	(309,300060397,310,'2013-05-02 14:04:39','2013-05-02 14:06:32',197,1,0,1,2),
	(310,300060397,311,'2013-05-02 14:04:39','2013-05-02 14:04:44',197,1,0,0,2),
	(311,300060969,312,'2013-05-02 14:04:39','2013-05-02 14:06:33',198,1,0,1,2),
	(312,300061088,313,'2013-05-02 14:04:39','2013-05-02 14:06:34',199,1,0,1,2),
	(313,300061262,314,'2013-05-02 14:04:39','2013-05-02 14:04:44',200,1,0,0,2);

/*!40000 ALTER TABLE `synset_t2_maps` ENABLE KEYS */;
UNLOCK TABLES;


# Dump of table th_algorithm
# ------------------------------------------------------------

DROP TABLE IF EXISTS `th_algorithm`;

CREATE TABLE `th_algorithm` (
  `th_algorithm_id` int(11) NOT NULL AUTO_INCREMENT,
  `name` varchar(50) NOT NULL,
  `description` varchar(1000) NOT NULL,
  PRIMARY KEY (`th_algorithm_id`),
  KEY `th_algorithm_id` (`th_algorithm_id`)
) ENGINE=InnoDB AUTO_INCREMENT=3 DEFAULT CHARSET=utf8;

LOCK TABLES `th_algorithm` WRITE;
/*!40000 ALTER TABLE `th_algorithm` DISABLE KEYS */;
INSERT INTO `th_algorithm` (`th_algorithm_id`,`name`,`description`)
VALUES
	(2,'t2seeder_v1.10','This is the finest seeding algorithm in the history of the world.');

/*!40000 ALTER TABLE `th_algorithm` ENABLE KEYS */;
UNLOCK TABLES;


# Dump of table th_data_type
# ------------------------------------------------------------

DROP TABLE IF EXISTS `th_data_type`;

CREATE TABLE `th_data_type` (
  `th_data_type_id` int(11) NOT NULL AUTO_INCREMENT,
  `name` varchar(20) NOT NULL,
  `description` varchar(1000) NOT NULL,
  PRIMARY KEY (`th_data_type_id`)
) ENGINE=InnoDB AUTO_INCREMENT=5 DEFAULT CHARSET=latin1;

LOCK TABLES `th_data_type` WRITE;
/*!40000 ALTER TABLE `th_data_type` DISABLE KEYS */;
INSERT INTO `th_data_type` (`th_data_type_id`,`name`,`description`)
VALUES
	(1,'string','Data represented as a string of characters.'),
	(2,'integer','Data represented as an integer. '),
	(3,'decimal','Data represented as a number which may or may not have a decimal point.'),
	(4,'default_data_type','Default data type for T2Seeder');

/*!40000 ALTER TABLE `th_data_type` ENABLE KEYS */;
UNLOCK TABLES;


# Dump of table th_definition
# ------------------------------------------------------------

DROP TABLE IF EXISTS `th_definition`;

CREATE TABLE `th_definition` (
  `th_definition_id` int(11) NOT NULL AUTO_INCREMENT COMMENT 'Primary key.',
  `definition` varchar(2000) NOT NULL,
  `th_mod_info_id` int(11) NOT NULL COMMENT 'Foreign key.',
  `th_part_of_speech_id` int(11) DEFAULT NULL COMMENT 'Foreign key.',
  PRIMARY KEY (`th_definition_id`),
  KEY `th_mod_info_id` (`th_mod_info_id`),
  KEY `fk_th_definition_th_part_of_speech1_idx` (`th_part_of_speech_id`),
  CONSTRAINT `fk_th_definition_th_part_of_speech1` FOREIGN KEY (`th_part_of_speech_id`) REFERENCES `th_part_of_speech` (`th_part_of_speech_id`) ON DELETE NO ACTION ON UPDATE NO ACTION,
  CONSTRAINT `th_definition_ibfk_1` FOREIGN KEY (`th_mod_info_id`) REFERENCES `th_mod_info` (`th_mod_info_id`)
) ENGINE=InnoDB AUTO_INCREMENT=315 DEFAULT CHARSET=utf8 COMMENT='Definitions, similar to word definitions in a dictionary.';

LOCK TABLES `th_definition` WRITE;
/*!40000 ALTER TABLE `th_definition` DISABLE KEYS */;
INSERT INTO `th_definition` (`th_definition_id`,`definition`,`th_mod_info_id`,`th_part_of_speech_id`)
VALUES
	(1,'dummy_definition',1,1462),
	(2,'coming into existence',1,1458),
	(3,'coming into existence',1,1458),
	(4,'bursting open with force, as do some ripe seed vessels',1,1458),
	(5,'giving birth',1,1458),
	(6,'being on the point of death; breathing your last',1,1458),
	(7,'occurring at the time of death',1,1458),
	(8,'with parts removed',1,1458),
	(9,'with parts removed',1,1458),
	(10,'abridged to half its original length',1,1458),
	(11,'(British informal) summarized or abridged',1,1458),
	(12,'complete',1,1458),
	(13,'complete',1,1458),
	(14,'lacking compromising or mitigating elements; exact',1,1458),
	(15,'being without doubt or reserve',1,1458),
	(16,'being without doubt or reserve',1,1458),
	(17,'total and all-embracing',1,1458),
	(18,'(informal) absolute',1,1458),
	(19,'having a relation or being related',1,1458),
	(20,'inducing or promoting absorption',1,1458),
	(21,'inducing or promoting absorption',1,1458),
	(22,'capable of taking (gas, light, or liquids) into a solution; \"an assimilative substance',1,1458),
	(23,'capable of taking (gas, light, or liquids) into a solution; \"an assimilative substance',1,1458),
	(24,'capable of taking (gas, light, or liquids) into a solution; \"an assimilative substance',1,1458),
	(25,'absorbing moisture (as from the air)',1,1458),
	(26,'able to absorb liquid (not repellent)',1,1458),
	(27,'having the capacity to absorb the energy of an impact',1,1458),
	(28,'like a sponge in being able to absorb liquids and yield it back when compressed',1,1458),
	(29,'like a sponge in being able to absorb liquids and yield it back when compressed',1,1458),
	(30,'able to take in large quantities of moisture',1,1458),
	(31,'incapable of absorbing or mixing with',1,1458),
	(32,'incapable of absorbing or mixing with',1,1458),
	(33,'having the capacity to adsorb by chemical as contrasted with physical forces',1,1458),
	(34,'having the capacity to adsorb by chemical as contrasted with physical forces',1,1458),
	(35,'self-restraining; not indulging an appetite especially for food or drink',1,1458),
	(36,'self-restraining; not indulging an appetite especially for food or drink',1,1458),
	(37,'practicing great self-denial',1,1458),
	(38,'practicing great self-denial',1,1458),
	(39,'practicing great self-denial',1,1458),
	(40,'practicing great self-denial',1,1458),
	(41,'given to gross intemperance in eating or drinking',1,1458),
	(42,'suffering from excessive eating or drinking',1,1458),
	(43,'suffering from excessive eating or drinking',1,1458),
	(44,'devouring or craving food in great quantities',1,1458),
	(45,'devouring or craving food in great quantities',1,1458),
	(46,'devouring or craving food in great quantities',1,1458),
	(47,'devouring or craving food in great quantities',1,1458),
	(48,'devouring or craving food in great quantities',1,1458),
	(49,'devouring or craving food in great quantities',1,1458),
	(50,'devouring or craving food in great quantities',1,1458),
	(51,'wanting to eat or drink more than one can reasonably consume',1,1458),
	(52,'resembling swine; coarsely gluttonous or greedy',1,1458),
	(53,'resembling swine; coarsely gluttonous or greedy',1,1458),
	(54,'resembling swine; coarsely gluttonous or greedy',1,1458),
	(55,'resembling swine; coarsely gluttonous or greedy',1,1458),
	(56,'resembling swine; coarsely gluttonous or greedy',1,1458),
	(57,'excessively gluttonous',1,1458),
	(58,'excessively gluttonous',1,1458),
	(59,'being of the nature of a notion or concept',1,1458),
	(60,'being of the nature of a notion or concept',1,1458),
	(61,'being of the nature of a notion or concept',1,1458),
	(62,'being or characterized by concepts or their formation',1,1458),
	(63,'constituting or existing only in the form of an idea or mental image or conception',1,1458),
	(64,'concerned with or suggestive of ideas',1,1458),
	(65,'concerned with or suggestive of ideas',1,1458),
	(66,'belonging to immediate experience of actual things or events',1,1458),
	(67,'capable of being treated as fact',1,1458),
	(68,'capable of being treated as fact',1,1458),
	(69,'existing in abundance',1,1458),
	(70,'existing in abundance',1,1458),
	(71,'affording an abundant supply',1,1458),
	(72,'affording an abundant supply',1,1458),
	(73,'affording an abundant supply',1,1458),
	(74,'affording an abundant supply',1,1458),
	(75,'affording an abundant supply',1,1458),
	(76,'large in number or quantity (especially of discourse)',1,1458),
	(77,'large in number or quantity (especially of discourse)',1,1458),
	(78,'obtained with little effort or sacrifice, often obtained illegally',1,1458),
	(79,'produced or growing in extreme abundance',1,1458),
	(80,'produced or growing in extreme abundance',1,1458),
	(81,'produced or growing in extreme abundance',1,1458),
	(82,'produced or growing in extreme abundance',1,1458),
	(83,'produced or growing in extreme abundance',1,1458),
	(84,'abounding; having a lot of',1,1458),
	(85,'having or being more than normal or necessary:',1,1458),
	(86,'excessively abundant',1,1458),
	(87,'excessively abundant',1,1458),
	(88,'excessively abundant',1,1458),
	(89,'existing in great number or quantity',1,1458),
	(90,'(of a plant) having a lush and unchecked growth',1,1458),
	(91,'growing profusely',1,1458),
	(92,'most excessively abundant',1,1458),
	(93,'abundantly filled with especially living things',1,1458),
	(94,'(usually followed by `to\') having the necessary means or skill or know-how or authority to do something',1,1458),
	(95,'(usually followed by `to\') not having the necessary means or skill or know-how',1,1458),
	(96,'facing away from the axis of an organ or organism',1,1458),
	(97,'facing away from the axis of an organ or organism',1,1458),
	(98,'nearest to or facing toward the axis of an organ or organism',1,1458),
	(99,'nearest to or facing toward the axis of an organ or organism',1,1458),
	(100,'facing or on the side toward the apex',1,1458),
	(101,'facing or on the side toward the base',1,1458),
	(102,'especially of muscles; drawing away from the midline of the body or from an adjacent part',1,1458),
	(103,'especially of muscles; drawing away from the midline of the body or from an adjacent part',1,1458),
	(104,'especially of muscles; bringing together or drawing toward the midline of the body or toward an adjacent part',1,1458),
	(105,'especially of muscles; bringing together or drawing toward the midline of the body or toward an adjacent part',1,1458),
	(106,'especially of muscles; bringing together or drawing toward the midline of the body or toward an adjacent part',1,1458),
	(107,'being born or beginning',1,1458),
	(108,'in or associated with the process of passing from life or ceasing to be',1,1458),
	(109,'(used of texts) shortened by condensing or rewriting',1,1458),
	(110,'(used of texts) not shortened',1,1458),
	(111,'perfect or complete or pure',1,1458),
	(112,'estimated by comparison; not absolute or complete',1,1458),
	(113,'estimated by comparison; not absolute or complete',1,1458),
	(114,'having power or capacity or tendency to absorb or soak up something (liquids or energy etc.)',1,1458),
	(115,'having power or capacity or tendency to absorb or soak up something (liquids or energy etc.)',1,1458),
	(116,'not capable of absorbing or soaking up (liquids)',1,1458),
	(117,'not capable of absorbing or soaking up (liquids)',1,1458),
	(118,'having capacity or tendency to adsorb or cause to accumulate on a surface',1,1458),
	(119,'having capacity or tendency to adsorb or cause to accumulate on a surface',1,1458),
	(120,'having capacity or tendency to adsorb or cause to accumulate on a surface',1,1458),
	(121,'lacking a capacity to adsorb or cause to accumulate on a surface',1,1458),
	(122,'lacking a capacity to adsorb or cause to accumulate on a surface',1,1458),
	(123,'capable of being absorbed or taken in through the pores of a surface',1,1458),
	(124,'capable of being adsorbed or accumulated on a surface of a solid',1,1458),
	(125,'capable of being adsorbed or accumulated on a surface of a solid',1,1458),
	(126,'sparing in consumption of especially food and drink',1,1458),
	(127,'given to excess in consumption of especially food or drink',1,1458),
	(128,'existing only in the mind; separated from embodiment',1,1458),
	(129,'capable of being perceived by the senses; not abstract or imaginary',1,1458),
	(130,'present in great quantity',1,1458),
	(131,'deficient in quantity or number compared with the demand',1,1458),
	(132,'subjected to cruel treatment',1,1458),
	(133,'subjected to cruel treatment',1,1458),
	(134,'subjected to cruel treatment',1,1458),
	(135,'subjected to cruel treatment',1,1458),
	(136,'not physically abused; treated properly',1,1458),
	(137,'worthy of acceptance or satisfactory',1,1458),
	(138,'not acceptable; not welcome',1,1458),
	(139,'capable of being reached',1,1458),
	(140,'capable of being reached only with great difficulty or not at all',1,1458),
	(141,'capable of being reached only with great difficulty or not at all',1,1458),
	(142,'helpful in bringing about a harmonious adaptation',1,1458),
	(143,'helpful in bringing about a harmonious adaptation',1,1458),
	(144,'not accommodating',1,1458),
	(145,'not accommodating',1,1458),
	(146,'conforming exactly or almost exactly to fact or to a standard or performing with total accuracy',1,1458),
	(147,'not exact',1,1458),
	(148,'(often followed by `to\') in the habit of or adapted to',1,1458),
	(149,'not habituated to; unfamiliar with',1,1458),
	(150,'being or containing an acid; of a solution having an excess of hydrogen atoms (having a pH of less than 7)',1,1458),
	(151,'relating to or containing an alkali; having a pH greater than 7',1,1458),
	(152,'relating to or containing an alkali; having a pH greater than 7',1,1458),
	(153,'having characteristics of both an acid and a base and capable of reacting as either',1,1458),
	(154,'having characteristics of both an acid and a base and capable of reacting as either',1,1458),
	(155,'thriving in a relatively acidic environment (especially of plants requiring a pH well below 7)',1,1458),
	(156,'thriving in a relatively alkaline environment; (especially of plants requiring a pH above 7)',1,1458),
	(157,'recognized or made known or admitted',1,1458),
	(158,'not recognized or admitted',1,1458),
	(159,'eager to acquire and possess things especially material possessions or ideas',1,1458),
	(160,'not acquisitive; not interested in acquiring or owning anything',1,1458),
	(161,'of leaves or flowers; developing or opening in succession from base to apex',1,1458),
	(162,'of leaves or flowers; developing or opening in succession from apex to base',1,1458),
	(163,'characterized by energetic activity',1,1458),
	(164,'pouring in abundance',1,1458),
	(165,'characterized by abundance of verdure',1,1458),
	(166,'not widely distributed',1,1458),
	(167,'affected by scarcity and expensive to borrow',1,1458),
	(168,'exhibiting symptoms resulting from repeated physical and emotional injury',1,1458),
	(169,'acceptable to or at a bank',1,1458),
	(170,'completely acceptable; not open to exception or reproach',1,1458),
	(171,'completely acceptable; not open to exception or reproach',1,1458),
	(172,'not objectionable',1,1458),
	(173,'liable to objection or debate; used of something one might take exception to',1,1458),
	(174,'liable to objection or debate; used of something one might take exception to',1,1458),
	(175,'easily approached',1,1458),
	(176,'easily approached',1,1458),
	(177,'capable of being reached or attained',1,1458),
	(178,'capable of being reached or attained',1,1458),
	(179,'capable of being reached or attained',1,1458),
	(180,'easy to reach',1,1458),
	(181,'easy to reach',1,1458),
	(182,'inaccessible and sparsely populated',1,1458),
	(183,'inaccessible and sparsely populated',1,1458),
	(184,'lacking pathways',1,1458),
	(185,'lacking pathways',1,1458),
	(186,'lacking pathways',1,1458),
	(187,'lacking pathways',1,1458),
	(188,'lacking pathways',1,1458),
	(189,'lacking pathways',1,1458),
	(190,'inaccessibly located or situated',1,1458),
	(191,'inaccessibly located or situated',1,1458),
	(192,'inaccessibly located or situated',1,1458),
	(193,'inaccessibly located or situated',1,1458),
	(194,'difficult to reach or attain',1,1458),
	(195,'difficult to reach or attain',1,1458),
	(196,'difficult to reach or attain',1,1458),
	(197,'showing a cheerful willingness to do favors for others',1,1458),
	(198,'showing a cheerful willingness to do favors for others',1,1458),
	(199,'intentionally unaccommodating',1,1458),
	(200,'intentionally unaccommodating',1,1458),
	(201,'marked by fidelity to an original',1,1458),
	(202,'marked by fidelity to an original',1,1458),
	(203,'accurate and to the point',1,1458),
	(204,'characterized by minimal distortion in sound reproduction',1,1458),
	(205,'characterized by minimal distortion in sound reproduction',1,1458),
	(206,'performed with great precision',1,1458),
	(207,'in keeping with the facts',1,1458),
	(208,'accurately placed or thrown',1,1458),
	(209,'accurately placed or thrown',1,1458),
	(210,'precisely accurate',1,1458),
	(211,'precisely accurate',1,1458),
	(212,'(of a baseball pitch) on the far side of home plate from the batter',1,1458),
	(213,'(of a baseball pitch) on the far side of home plate from the batter',1,1458),
	(214,'characterized by errors; not agreeing with a model or not following established rules',1,1458),
	(215,'characterized by errors; not agreeing with a model or not following established rules',1,1458),
	(216,'characterized by errors; not agreeing with a model or not following established rules',1,1458),
	(217,'not trustworthy',1,1458),
	(218,'not on target',1,1458),
	(219,'not on target',1,1458),
	(220,'in the habit',1,1458),
	(221,'in the habit',1,1458),
	(222,'unfamiliar',1,1458),
	(223,'infrequently exposed to',1,1458),
	(224,'having the characteristics of an acid',1,1458),
	(225,'yielding an acid in aqueous solution',1,1458),
	(226,'tending to become alkaline; slightly alkaline',1,1458),
	(227,'tending to become alkaline; slightly alkaline',1,1458),
	(228,'of or denoting or of the nature of or containing a base',1,1458),
	(229,'yielding a base in aqueous solution',1,1458),
	(230,'resembling a compound formed by replacing hydrogen in an acid by a metal',1,1458),
	(231,'especially of some bacteria; growing well in an acid medium',1,1458),
	(232,'especially of some bacteria; growing well in an acid medium',1,1458),
	(233,'especially of some bacteria; growing well in an acid medium',1,1458),
	(234,'generally approved or compelling recognition',1,1458),
	(235,'generally approved or compelling recognition',1,1458),
	(236,'generally approved or compelling recognition',1,1458),
	(237,'owned up to',1,1458),
	(238,'accepted as real or true without proof',1,1458),
	(239,'that must be declared',1,1458),
	(240,'acknowledged as a supposition',1,1458),
	(241,'acknowledged as a supposition',1,1458),
	(242,'purported; commonly put forth or accepted as true on inconclusive grounds',1,1458),
	(243,'having value that is not acknowledged',1,1458),
	(244,'having value that is not acknowledged',1,1458),
	(245,'having value that is not acknowledged',1,1458),
	(246,'not openly made known',1,1458),
	(247,'not openly made known',1,1458),
	(248,'not admitted',1,1458),
	(249,'not recognized',1,1458),
	(250,'not recognized',1,1458),
	(251,'marked by acquiring or amassing',1,1458),
	(252,'not active physically or mentally',1,1458),
	(253,'engaged in full-time work',1,1458),
	(254,'not engaged in full-time work',1,1458),
	(255,'full of activity or engaged in continuous activity',1,1458),
	(256,'lacking activity; lying idle or unused',1,1458),
	(257,'tending to become more severe or wider in scope',1,1458),
	(258,'(pathology) not progressing or increasing; or progressing slowly',1,1458),
	(259,'disposed to take action or effectuate change',1,1458),
	(260,'lacking in energy or will',1,1458),
	(261,'lacking in energy or will',1,1458),
	(262,'(of e.g. volcanos) erupting or liable to erupt',1,1458),
	(263,'(of e.g. volcanos) not erupting and not extinct',1,1458),
	(264,'(of e.g. volcanos) not erupting and not extinct',1,1458),
	(265,'(of e.g. volcanos) permanently inactive',1,1458),
	(266,'(of e.g. volcanos) capable of erupting',1,1458),
	(267,'(used of verbs (e.g. `to run\') and participial adjectives (e.g. `running\' in `running water\')) expressing action rather than a state of being',1,1458),
	(268,'(used of verbs (e.g. `to run\') and participial adjectives (e.g. `running\' in `running water\')) expressing action rather than a state of being',1,1458),
	(269,'( used of verbs (e.g. `be\' or `own\') and most participial adjectives) expressing existence or a state rather than an action',1,1458),
	(270,'expressing that the subject of the sentence has the semantic function of actor:',1,1458),
	(271,'expressing that the subject of the sentence is the patient of the action denoted by the verb',1,1458),
	(272,'exerting influence or producing a change or effect',1,1458),
	(273,'not exerting influence or change',1,1458),
	(274,'(of the sun) characterized by an increased occurrence of sunspots and flares and radio emissions',1,1458),
	(275,'of the sun characterized by a low level of surface phenomena like sunspots e.g.',1,1458),
	(276,'presently existing in fact and not merely potential or possible',1,1458),
	(277,'presently existing in fact and not merely potential or possible',1,1458),
	(278,'existing in possibility',1,1458),
	(279,'existing in possibility',1,1458),
	(280,'having or experiencing a rapid onset and short but severe course',1,1458),
	(281,'being long-lasting and recurrent or characterized by long suffering',1,1458),
	(282,'infectious; having the ability to cause disease',1,1458),
	(283,'not virulent; unable to produce disease',1,1458),
	(284,'having a capacity for adaptation',1,1458),
	(285,'having a capacity for adaptation',1,1458),
	(286,'showing faulty adaptation',1,1458),
	(287,'compulsively or physiologically dependent on something habit-forming',1,1458),
	(288,'not addicted',1,1458),
	(289,'causing or characterized by addiction',1,1458),
	(290,'causing or characterized by addiction',1,1458),
	(291,'not causing or characterized by addiction',1,1458),
	(292,'characterized or produced by addition',1,1458),
	(293,'constituting or involving subtraction',1,1458),
	(294,'(of mail) marked with a destination',1,1458),
	(295,'not addressed',1,1458),
	(296,'having the requisite qualities or resources to meet a task',1,1458),
	(297,'having the requisite qualities or resources to meet a task',1,1458),
	(298,'lacking the requisite qualities or resources to meet a task',1,1458),
	(299,'lacking the requisite qualities or resources to meet a task',1,1458),
	(300,'tending to adhere',1,1458),
	(301,'not tending to adhere',1,1458),
	(302,'relating to court practice and procedure as opposed to the principles of law',1,1458),
	(303,'relating to court practice and procedure as opposed to the principles of law',1,1458),
	(304,'defining rights and duties as opposed to giving the rules by which rights and duties are established',1,1458),
	(305,'defining rights and duties as opposed to giving the rules by which rights and duties are established',1,1458),
	(306,'suitable or eligible for adoption',1,1458),
	(307,'difficult to place in an adoptive home',1,1458),
	(308,'provided with something intended to increase its beauty or distinction',1,1458),
	(309,'provided with something intended to increase its beauty or distinction',1,1458),
	(310,'not decorated with something to increase its beauty or distinction',1,1458),
	(311,'not decorated with something to increase its beauty or distinction',1,1458),
	(312,'releasing or activated by acetylcholine or a related compound',1,1458),
	(313,'inhibiting or blocking the action of acetylcholine at a receptor site',1,1458),
	(314,'quick or skillful or adept in action or thought',1,1458);

/*!40000 ALTER TABLE `th_definition` ENABLE KEYS */;
UNLOCK TABLES;


# Dump of table th_domain
# ------------------------------------------------------------

DROP TABLE IF EXISTS `th_domain`;

CREATE TABLE `th_domain` (
  `th_domain_id` int(11) NOT NULL AUTO_INCREMENT,
  `name` varchar(50) NOT NULL,
  `description` varchar(1000) NOT NULL,
  PRIMARY KEY (`th_domain_id`)
) ENGINE=InnoDB AUTO_INCREMENT=5 DEFAULT CHARSET=utf8;

LOCK TABLES `th_domain` WRITE;
/*!40000 ALTER TABLE `th_domain` DISABLE KEYS */;
INSERT INTO `th_domain` (`th_domain_id`,`name`,`description`)
VALUES
	(1,'ROOT','Universe/Root domain'),
	(2,'en_us.language.lexical','U.S. English language lexicon'),
	(3,'es_sp.language.lexical','Spain Spanish language lexicon'),
	(4,'es_la.language.lexical','Latin America Spanish language lexicon');

/*!40000 ALTER TABLE `th_domain` ENABLE KEYS */;
UNLOCK TABLES;


# Dump of table th_editor_action
# ------------------------------------------------------------

DROP TABLE IF EXISTS `th_editor_action`;

CREATE TABLE `th_editor_action` (
  `th_editor_action_id` int(11) NOT NULL AUTO_INCREMENT COMMENT 'Primary key.',
  `name` varchar(50) NOT NULL,
  `description` varchar(1000) NOT NULL,
  PRIMARY KEY (`th_editor_action_id`)
) ENGINE=InnoDB AUTO_INCREMENT=8 DEFAULT CHARSET=utf8;

LOCK TABLES `th_editor_action` WRITE;
/*!40000 ALTER TABLE `th_editor_action` DISABLE KEYS */;
INSERT INTO `th_editor_action` (`th_editor_action_id`,`name`,`description`)
VALUES
	(1,'Add','Add new data'),
	(2,'Modify','Modify data'),
	(3,'Delete','Delete data'),
	(4,'t2seeder_new','Entry newly added to the T2 DB by T2Seeder'),
	(5,'t2seeder_delete','Entry deleted from the T2 DB by T2Seeder'),
	(6,'t2seeder_modify','Entry modified by T2Seeder'),
	(7,'default_editor_action_name','default_editor_action_description');

/*!40000 ALTER TABLE `th_editor_action` ENABLE KEYS */;
UNLOCK TABLES;


# Dump of table th_entry
# ------------------------------------------------------------

DROP TABLE IF EXISTS `th_entry`;

CREATE TABLE `th_entry` (
  `th_entry_id` int(11) NOT NULL AUTO_INCREMENT COMMENT 'Primary key.',
  `title` varchar(200) NOT NULL COMMENT 'A brief summary of the entry.  The title may be displayed in search results, so it should not be too verbose; use the description field to provide details.',
  `description` varchar(1000) NOT NULL COMMENT 'A detailed description of the entry. This is intended to supplement any information provided in the title.',
  `th_sequence_default_id` int(11) DEFAULT NULL COMMENT 'Foreign key that points to the default sequence for this entry. This is the sequence that will be displayed when an entry is first selected on the Thesortus web page.',
  `th_mod_info_id` int(11) NOT NULL COMMENT 'Foreign key.',
  PRIMARY KEY (`th_entry_id`),
  KEY `th_mod_info_id` (`th_mod_info_id`),
  KEY `th_sequence_default_id` (`th_sequence_default_id`),
  CONSTRAINT `th_entry_ibfk_1` FOREIGN KEY (`th_mod_info_id`) REFERENCES `th_mod_info` (`th_mod_info_id`),
  CONSTRAINT `th_entry_ibfk_2` FOREIGN KEY (`th_sequence_default_id`) REFERENCES `th_sequence` (`th_sequence_id`)
) ENGINE=InnoDB AUTO_INCREMENT=201 DEFAULT CHARSET=utf8;

LOCK TABLES `th_entry` WRITE;
/*!40000 ALTER TABLE `th_entry` DISABLE KEYS */;
INSERT INTO `th_entry` (`th_entry_id`,`title`,`description`,`th_sequence_default_id`,`th_mod_info_id`)
VALUES
	(1,'Seeded sequence for words related to the synset words: [emergent, emerging]','adjective:coming into existence:default_t2seeder_sorttype:default_t2seeder_sortdirection',1,1),
	(2,'Seeded sequence for words related to the synset words: [dissilient]','adjective:bursting open with force, as do some ripe seed vessels:default_t2seeder_sorttype:default_t2seeder_sortdirection',2,1),
	(3,'Seeded sequence for words related to the synset words: [parturient]','adjective:giving birth:default_t2seeder_sorttype:default_t2seeder_sortdirection',3,1),
	(4,'Seeded sequence for words related to the synset words: [moribund]','adjective:being on the point of death; breathing your last:default_t2seeder_sorttype:default_t2seeder_sortdirection',4,1),
	(5,'Seeded sequence for words related to the synset words: [last]','adjective:occurring at the time of death:default_t2seeder_sorttype:default_t2seeder_sortdirection',5,1),
	(6,'Seeded sequence for words related to the synset words: [cut, shortened]','adjective:with parts removed:default_t2seeder_sorttype:default_t2seeder_sortdirection',6,1),
	(7,'Seeded sequence for words related to the synset words: [half-length]','adjective:abridged to half its original length:default_t2seeder_sorttype:default_t2seeder_sortdirection',7,1),
	(8,'Seeded sequence for words related to the synset words: [potted]','adjective:(British informal) summarized or abridged:default_t2seeder_sorttype:default_t2seeder_sortdirection',8,1),
	(9,'Seeded sequence for words related to the synset words: [full-length, uncut]','adjective:complete:default_t2seeder_sorttype:default_t2seeder_sortdirection',9,1),
	(10,'Seeded sequence for words related to the synset words: [direct]','adjective:lacking compromising or mitigating elements; exact:default_t2seeder_sorttype:default_t2seeder_sortdirection',10,1),
	(11,'Seeded sequence for words related to the synset words: [implicit, unquestioning]','adjective:being without doubt or reserve:default_t2seeder_sorttype:default_t2seeder_sortdirection',11,1),
	(12,'Seeded sequence for words related to the synset words: [infinite]','adjective:total and all-embracing:default_t2seeder_sorttype:default_t2seeder_sortdirection',12,1),
	(13,'Seeded sequence for words related to the synset words: [living]','adjective:(informal) absolute:default_t2seeder_sorttype:default_t2seeder_sortdirection',13,1),
	(14,'Seeded sequence for words related to the synset words: [relational]','adjective:having a relation or being related:default_t2seeder_sorttype:default_t2seeder_sortdirection',14,1),
	(15,'Seeded sequence for words related to the synset words: [absorbefacient, sorbefacient]','adjective:inducing or promoting absorption:default_t2seeder_sorttype:default_t2seeder_sortdirection',15,1),
	(16,'Seeded sequence for words related to the synset words: [assimilating, assimilative, assimilatory]','adjective:capable of taking (gas, light, or liquids) into a solution; \"an assimilative substance:default_t2seeder_sorttype:default_t2seeder_sortdirection',16,1),
	(17,'Seeded sequence for words related to the synset words: [hygroscopic]','adjective:absorbing moisture (as from the air):default_t2seeder_sorttype:default_t2seeder_sortdirection',17,1),
	(18,'Seeded sequence for words related to the synset words: [receptive]','adjective:able to absorb liquid (not repellent):default_t2seeder_sorttype:default_t2seeder_sortdirection',18,1),
	(19,'Seeded sequence for words related to the synset words: [shock-absorbent]','adjective:having the capacity to absorb the energy of an impact:default_t2seeder_sorttype:default_t2seeder_sortdirection',19,1),
	(20,'Seeded sequence for words related to the synset words: [spongelike, spongy]','adjective:like a sponge in being able to absorb liquids and yield it back when compressed:default_t2seeder_sorttype:default_t2seeder_sortdirection',20,1),
	(21,'Seeded sequence for words related to the synset words: [thirsty]','adjective:able to take in large quantities of moisture:default_t2seeder_sorttype:default_t2seeder_sortdirection',21,1),
	(22,'Seeded sequence for words related to the synset words: [repellent, resistant]','adjective:incapable of absorbing or mixing with:default_t2seeder_sorttype:default_t2seeder_sortdirection',22,1),
	(23,'Seeded sequence for words related to the synset words: [chemisorptive, chemosorptive]','adjective:having the capacity to adsorb by chemical as contrasted with physical forces:default_t2seeder_sorttype:default_t2seeder_sortdirection',23,1),
	(24,'Seeded sequence for words related to the synset words: [abstentious, abstinent]','adjective:self-restraining; not indulging an appetite especially for food or drink:default_t2seeder_sorttype:default_t2seeder_sortdirection',24,1),
	(25,'Seeded sequence for words related to the synset words: [ascetic, ascetical, austere, spartan]','adjective:practicing great self-denial:default_t2seeder_sorttype:default_t2seeder_sortdirection',25,1),
	(26,'Seeded sequence for words related to the synset words: [crapulous]','adjective:given to gross intemperance in eating or drinking:default_t2seeder_sorttype:default_t2seeder_sortdirection',26,1),
	(27,'Seeded sequence for words related to the synset words: [crapulent, crapulous]','adjective:suffering from excessive eating or drinking:default_t2seeder_sorttype:default_t2seeder_sortdirection',27,1),
	(28,'Seeded sequence for words related to the synset words: [edacious, esurient, rapacious, ravening, ravenous, voracious, wolfish]','adjective:devouring or craving food in great quantities:default_t2seeder_sorttype:default_t2seeder_sortdirection',28,1),
	(29,'Seeded sequence for words related to the synset words: [greedy]','adjective:wanting to eat or drink more than one can reasonably consume:default_t2seeder_sorttype:default_t2seeder_sortdirection',29,1),
	(30,'Seeded sequence for words related to the synset words: [hoggish, piggish, piggy, porcine, swinish]','adjective:resembling swine; coarsely gluttonous or greedy:default_t2seeder_sorttype:default_t2seeder_sortdirection',30,1),
	(31,'Seeded sequence for words related to the synset words: [overgreedy, too-greedy]','adjective:excessively gluttonous:default_t2seeder_sorttype:default_t2seeder_sortdirection',31,1),
	(32,'Seeded sequence for words related to the synset words: [conceptional, ideational, notional]','adjective:being of the nature of a notion or concept:default_t2seeder_sorttype:default_t2seeder_sortdirection',32,1),
	(33,'Seeded sequence for words related to the synset words: [conceptual]','adjective:being or characterized by concepts or their formation:default_t2seeder_sorttype:default_t2seeder_sortdirection',33,1),
	(34,'Seeded sequence for words related to the synset words: [ideal]','adjective:constituting or existing only in the form of an idea or mental image or conception:default_t2seeder_sorttype:default_t2seeder_sortdirection',34,1),
	(35,'Seeded sequence for words related to the synset words: [ideologic, ideological]','adjective:concerned with or suggestive of ideas:default_t2seeder_sorttype:default_t2seeder_sortdirection',35,1),
	(36,'Seeded sequence for words related to the synset words: [objective]','adjective:belonging to immediate experience of actual things or events:default_t2seeder_sorttype:default_t2seeder_sortdirection',36,1),
	(37,'Seeded sequence for words related to the synset words: [real, tangible]','adjective:capable of being treated as fact:default_t2seeder_sorttype:default_t2seeder_sortdirection',37,1),
	(38,'Seeded sequence for words related to the synset words: [abounding, galore]','adjective:existing in abundance:default_t2seeder_sorttype:default_t2seeder_sortdirection',38,1),
	(39,'Seeded sequence for words related to the synset words: [ample, copious, plenteous, plentiful, rich]','adjective:affording an abundant supply:default_t2seeder_sorttype:default_t2seeder_sortdirection',39,1),
	(40,'Seeded sequence for words related to the synset words: [copious, voluminous]','adjective:large in number or quantity (especially of discourse):default_t2seeder_sorttype:default_t2seeder_sortdirection',40,1),
	(41,'Seeded sequence for words related to the synset words: [easy]','adjective:obtained with little effort or sacrifice, often obtained illegally:default_t2seeder_sorttype:default_t2seeder_sortdirection',41,1),
	(42,'Seeded sequence for words related to the synset words: [exuberant, lush, luxuriant, profuse, riotous]','adjective:produced or growing in extreme abundance:default_t2seeder_sorttype:default_t2seeder_sortdirection',42,1),
	(43,'Seeded sequence for words related to the synset words: [thick]','adjective:abounding; having a lot of:default_t2seeder_sorttype:default_t2seeder_sortdirection',43,1),
	(44,'Seeded sequence for words related to the synset words: [long]','adjective:having or being more than normal or necessary::default_t2seeder_sorttype:default_t2seeder_sortdirection',44,1),
	(45,'Seeded sequence for words related to the synset words: [overabundant, plethoric, rife]','adjective:excessively abundant:default_t2seeder_sorttype:default_t2seeder_sortdirection',45,1),
	(46,'Seeded sequence for words related to the synset words: [plentiful]','adjective:existing in great number or quantity:default_t2seeder_sorttype:default_t2seeder_sortdirection',46,1),
	(47,'Seeded sequence for words related to the synset words: [rampant]','adjective:(of a plant) having a lush and unchecked growth:default_t2seeder_sorttype:default_t2seeder_sortdirection',47,1),
	(48,'Seeded sequence for words related to the synset words: [rank]','adjective:growing profusely:default_t2seeder_sorttype:default_t2seeder_sortdirection',48,1),
	(49,'Seeded sequence for words related to the synset words: [superabundant]','adjective:most excessively abundant:default_t2seeder_sorttype:default_t2seeder_sortdirection',49,1),
	(50,'Seeded sequence for words related to the synset words: [teeming]','adjective:abundantly filled with especially living things:default_t2seeder_sorttype:default_t2seeder_sortdirection',50,1),
	(51,'Seeded sequence for words related to the synset words: [able]','adjective:(usually followed by `to\') having the necessary means or skill or know-how or authority to do something:default_t2seeder_sorttype:default_t2seeder_sortdirection',51,1),
	(52,'Seeded sequence for words related to the synset words: [unable]','adjective:(usually followed by `to\') not having the necessary means or skill or know-how:default_t2seeder_sorttype:default_t2seeder_sortdirection',52,1),
	(53,'Seeded sequence for words related to the synset words: [abaxial, dorsal]','adjective:facing away from the axis of an organ or organism:default_t2seeder_sorttype:default_t2seeder_sortdirection',53,1),
	(54,'Seeded sequence for words related to the synset words: [adaxial, ventral]','adjective:nearest to or facing toward the axis of an organ or organism:default_t2seeder_sorttype:default_t2seeder_sortdirection',54,1),
	(55,'Seeded sequence for words related to the synset words: [acroscopic]','adjective:facing or on the side toward the apex:default_t2seeder_sorttype:default_t2seeder_sortdirection',55,1),
	(56,'Seeded sequence for words related to the synset words: [basiscopic]','adjective:facing or on the side toward the base:default_t2seeder_sorttype:default_t2seeder_sortdirection',56,1),
	(57,'Seeded sequence for words related to the synset words: [abducent, abducting]','adjective:especially of muscles; drawing away from the midline of the body or from an adjacent part:default_t2seeder_sorttype:default_t2seeder_sortdirection',57,1),
	(58,'Seeded sequence for words related to the synset words: [adducent, adducting, adductive]','adjective:especially of muscles; bringing together or drawing toward the midline of the body or toward an adjacent part:default_t2seeder_sorttype:default_t2seeder_sortdirection',58,1),
	(59,'Seeded sequence for words related to the synset words: [nascent]','adjective:being born or beginning:default_t2seeder_sorttype:default_t2seeder_sortdirection',59,1),
	(60,'Seeded sequence for words related to the synset words: [dying]','adjective:in or associated with the process of passing from life or ceasing to be:default_t2seeder_sorttype:default_t2seeder_sortdirection',60,1),
	(61,'Seeded sequence for words related to the synset words: [abridged]','adjective:(used of texts) shortened by condensing or rewriting:default_t2seeder_sorttype:default_t2seeder_sortdirection',61,1),
	(62,'Seeded sequence for words related to the synset words: [unabridged]','adjective:(used of texts) not shortened:default_t2seeder_sorttype:default_t2seeder_sortdirection',62,1),
	(63,'Seeded sequence for words related to the synset words: [absolute]','adjective:perfect or complete or pure:default_t2seeder_sorttype:default_t2seeder_sortdirection',63,1),
	(64,'Seeded sequence for words related to the synset words: [comparative, relative]','adjective:estimated by comparison; not absolute or complete:default_t2seeder_sorttype:default_t2seeder_sortdirection',64,1),
	(65,'Seeded sequence for words related to the synset words: [absorbent, absorptive]','adjective:having power or capacity or tendency to absorb or soak up something (liquids or energy etc.):default_t2seeder_sorttype:default_t2seeder_sortdirection',65,1),
	(66,'Seeded sequence for words related to the synset words: [nonabsorbent, nonabsorptive]','adjective:not capable of absorbing or soaking up (liquids):default_t2seeder_sorttype:default_t2seeder_sortdirection',66,1),
	(67,'Seeded sequence for words related to the synset words: [adsorbent, adsorptive, surface-assimilative]','adjective:having capacity or tendency to adsorb or cause to accumulate on a surface:default_t2seeder_sorttype:default_t2seeder_sortdirection',67,1),
	(68,'Seeded sequence for words related to the synset words: [nonadsorbent, nonadsorptive]','adjective:lacking a capacity to adsorb or cause to accumulate on a surface:default_t2seeder_sorttype:default_t2seeder_sortdirection',68,1),
	(69,'Seeded sequence for words related to the synset words: [absorbable]','adjective:capable of being absorbed or taken in through the pores of a surface:default_t2seeder_sorttype:default_t2seeder_sortdirection',69,1),
	(70,'Seeded sequence for words related to the synset words: [adsorbable, adsorbate]','adjective:capable of being adsorbed or accumulated on a surface of a solid:default_t2seeder_sorttype:default_t2seeder_sortdirection',70,1),
	(71,'Seeded sequence for words related to the synset words: [abstemious]','adjective:sparing in consumption of especially food and drink:default_t2seeder_sorttype:default_t2seeder_sortdirection',71,1),
	(72,'Seeded sequence for words related to the synset words: [gluttonous]','adjective:given to excess in consumption of especially food or drink:default_t2seeder_sorttype:default_t2seeder_sortdirection',72,1),
	(73,'Seeded sequence for words related to the synset words: [abstract]','adjective:existing only in the mind; separated from embodiment:default_t2seeder_sorttype:default_t2seeder_sortdirection',73,1),
	(74,'Seeded sequence for words related to the synset words: [concrete]','adjective:capable of being perceived by the senses; not abstract or imaginary:default_t2seeder_sorttype:default_t2seeder_sortdirection',74,1),
	(75,'Seeded sequence for words related to the synset words: [abundant]','adjective:present in great quantity:default_t2seeder_sorttype:default_t2seeder_sortdirection',75,1),
	(76,'Seeded sequence for words related to the synset words: [scarce]','adjective:deficient in quantity or number compared with the demand:default_t2seeder_sorttype:default_t2seeder_sortdirection',76,1),
	(77,'Seeded sequence for words related to the synset words: [abused, ill-treated, maltreated, mistreated]','adjective:subjected to cruel treatment:default_t2seeder_sorttype:default_t2seeder_sortdirection',77,1),
	(78,'Seeded sequence for words related to the synset words: [unabused]','adjective:not physically abused; treated properly:default_t2seeder_sorttype:default_t2seeder_sortdirection',78,1),
	(79,'Seeded sequence for words related to the synset words: [acceptable]','adjective:worthy of acceptance or satisfactory:default_t2seeder_sorttype:default_t2seeder_sortdirection',79,1),
	(80,'Seeded sequence for words related to the synset words: [unacceptable]','adjective:not acceptable; not welcome:default_t2seeder_sorttype:default_t2seeder_sortdirection',80,1),
	(81,'Seeded sequence for words related to the synset words: [accessible]','adjective:capable of being reached:default_t2seeder_sorttype:default_t2seeder_sortdirection',81,1),
	(82,'Seeded sequence for words related to the synset words: [inaccessible, unaccessible]','adjective:capable of being reached only with great difficulty or not at all:default_t2seeder_sorttype:default_t2seeder_sortdirection',82,1),
	(83,'Seeded sequence for words related to the synset words: [accommodating, accommodative]','adjective:helpful in bringing about a harmonious adaptation:default_t2seeder_sorttype:default_t2seeder_sortdirection',83,1),
	(84,'Seeded sequence for words related to the synset words: [unaccommodating, unobliging]','adjective:not accommodating:default_t2seeder_sorttype:default_t2seeder_sortdirection',84,1),
	(85,'Seeded sequence for words related to the synset words: [accurate]','adjective:conforming exactly or almost exactly to fact or to a standard or performing with total accuracy:default_t2seeder_sorttype:default_t2seeder_sortdirection',85,1),
	(86,'Seeded sequence for words related to the synset words: [inaccurate]','adjective:not exact:default_t2seeder_sorttype:default_t2seeder_sortdirection',86,1),
	(87,'Seeded sequence for words related to the synset words: [accustomed]','adjective:(often followed by `to\') in the habit of or adapted to:default_t2seeder_sorttype:default_t2seeder_sortdirection',87,1),
	(88,'Seeded sequence for words related to the synset words: [unaccustomed]','adjective:not habituated to; unfamiliar with:default_t2seeder_sorttype:default_t2seeder_sortdirection',88,1),
	(89,'Seeded sequence for words related to the synset words: [acidic]','adjective:being or containing an acid; of a solution having an excess of hydrogen atoms (having a pH of less than 7):default_t2seeder_sorttype:default_t2seeder_sortdirection',89,1),
	(90,'Seeded sequence for words related to the synset words: [alkalic, alkaline]','adjective:relating to or containing an alkali; having a pH greater than 7:default_t2seeder_sorttype:default_t2seeder_sortdirection',90,1),
	(91,'Seeded sequence for words related to the synset words: [amphiprotic, amphoteric]','adjective:having characteristics of both an acid and a base and capable of reacting as either:default_t2seeder_sorttype:default_t2seeder_sortdirection',91,1),
	(92,'Seeded sequence for words related to the synset words: [acid-loving]','adjective:thriving in a relatively acidic environment (especially of plants requiring a pH well below 7):default_t2seeder_sorttype:default_t2seeder_sortdirection',92,1),
	(93,'Seeded sequence for words related to the synset words: [alkaline-loving]','adjective:thriving in a relatively alkaline environment; (especially of plants requiring a pH above 7):default_t2seeder_sorttype:default_t2seeder_sortdirection',93,1),
	(94,'Seeded sequence for words related to the synset words: [acknowledged]','adjective:recognized or made known or admitted:default_t2seeder_sorttype:default_t2seeder_sortdirection',94,1),
	(95,'Seeded sequence for words related to the synset words: [unacknowledged]','adjective:not recognized or admitted:default_t2seeder_sorttype:default_t2seeder_sortdirection',95,1),
	(96,'Seeded sequence for words related to the synset words: [acquisitive]','adjective:eager to acquire and possess things especially material possessions or ideas:default_t2seeder_sorttype:default_t2seeder_sortdirection',96,1),
	(97,'Seeded sequence for words related to the synset words: [unacquisitive]','adjective:not acquisitive; not interested in acquiring or owning anything:default_t2seeder_sorttype:default_t2seeder_sortdirection',97,1),
	(98,'Seeded sequence for words related to the synset words: [acropetal]','adjective:of leaves or flowers; developing or opening in succession from base to apex:default_t2seeder_sorttype:default_t2seeder_sortdirection',98,1),
	(99,'Seeded sequence for words related to the synset words: [basipetal]','adjective:of leaves or flowers; developing or opening in succession from apex to base:default_t2seeder_sorttype:default_t2seeder_sortdirection',99,1),
	(100,'Seeded sequence for words related to the synset words: [active]','adjective:characterized by energetic activity:default_t2seeder_sorttype:default_t2seeder_sortdirection',100,1),
	(101,'Seeded sequence for words related to the synset words: [torrential]','adjective:pouring in abundance:default_t2seeder_sorttype:default_t2seeder_sortdirection',101,1),
	(102,'Seeded sequence for words related to the synset words: [verdant]','adjective:characterized by abundance of verdure:default_t2seeder_sorttype:default_t2seeder_sortdirection',102,1),
	(103,'Seeded sequence for words related to the synset words: [rare]','adjective:not widely distributed:default_t2seeder_sorttype:default_t2seeder_sortdirection',103,1),
	(104,'Seeded sequence for words related to the synset words: [tight]','adjective:affected by scarcity and expensive to borrow:default_t2seeder_sorttype:default_t2seeder_sortdirection',104,1),
	(105,'Seeded sequence for words related to the synset words: [battered]','adjective:exhibiting symptoms resulting from repeated physical and emotional injury:default_t2seeder_sorttype:default_t2seeder_sortdirection',105,1),
	(106,'Seeded sequence for words related to the synset words: [bankable]','adjective:acceptable to or at a bank:default_t2seeder_sorttype:default_t2seeder_sortdirection',106,1),
	(107,'Seeded sequence for words related to the synset words: [unexceptionable, unimpeachable]','adjective:completely acceptable; not open to exception or reproach:default_t2seeder_sorttype:default_t2seeder_sortdirection',107,1),
	(108,'Seeded sequence for words related to the synset words: [unobjectionable]','adjective:not objectionable:default_t2seeder_sorttype:default_t2seeder_sortdirection',108,1),
	(109,'Seeded sequence for words related to the synset words: [exceptionable, objectionable]','adjective:liable to objection or debate; used of something one might take exception to:default_t2seeder_sorttype:default_t2seeder_sortdirection',109,1),
	(110,'Seeded sequence for words related to the synset words: [approachable, reachable]','adjective:easily approached:default_t2seeder_sorttype:default_t2seeder_sortdirection',110,1),
	(111,'Seeded sequence for words related to the synset words: [come-at-able, get-at-able, getatable]','adjective:capable of being reached or attained:default_t2seeder_sorttype:default_t2seeder_sortdirection',111,1),
	(112,'Seeded sequence for words related to the synset words: [handy, ready to hand]','adjective:easy to reach:default_t2seeder_sorttype:default_t2seeder_sortdirection',112,1),
	(113,'Seeded sequence for words related to the synset words: [outback, remote]','adjective:inaccessible and sparsely populated:default_t2seeder_sorttype:default_t2seeder_sortdirection',113,1),
	(114,'Seeded sequence for words related to the synset words: [pathless, roadless, trackless, untracked, untrod, untrodden]','adjective:lacking pathways:default_t2seeder_sorttype:default_t2seeder_sortdirection',114,1),
	(115,'Seeded sequence for words related to the synset words: [out of reach, unapproachable, unreachable, unreached]','adjective:inaccessibly located or situated:default_t2seeder_sorttype:default_t2seeder_sortdirection',115,1),
	(116,'Seeded sequence for words related to the synset words: [un-come-at-able, un-get-at-able, ungetatable]','adjective:difficult to reach or attain:default_t2seeder_sorttype:default_t2seeder_sortdirection',116,1),
	(117,'Seeded sequence for words related to the synset words: [complaisant, obliging]','adjective:showing a cheerful willingness to do favors for others:default_t2seeder_sorttype:default_t2seeder_sortdirection',117,1),
	(118,'Seeded sequence for words related to the synset words: [disobliging, uncooperative]','adjective:intentionally unaccommodating:default_t2seeder_sorttype:default_t2seeder_sortdirection',118,1),
	(119,'Seeded sequence for words related to the synset words: [close, faithful]','adjective:marked by fidelity to an original:default_t2seeder_sorttype:default_t2seeder_sortdirection',119,1),
	(120,'Seeded sequence for words related to the synset words: [dead-on]','adjective:accurate and to the point:default_t2seeder_sorttype:default_t2seeder_sortdirection',120,1),
	(121,'Seeded sequence for words related to the synset words: [hi-fi, high-fidelity]','adjective:characterized by minimal distortion in sound reproduction:default_t2seeder_sorttype:default_t2seeder_sortdirection',121,1),
	(122,'Seeded sequence for words related to the synset words: [surgical]','adjective:performed with great precision:default_t2seeder_sorttype:default_t2seeder_sortdirection',122,1),
	(123,'Seeded sequence for words related to the synset words: [straight]','adjective:in keeping with the facts:default_t2seeder_sorttype:default_t2seeder_sortdirection',123,1),
	(124,'Seeded sequence for words related to the synset words: [dead on target, true]','adjective:accurately placed or thrown:default_t2seeder_sorttype:default_t2seeder_sortdirection',124,1),
	(125,'Seeded sequence for words related to the synset words: [right, veracious]','adjective:precisely accurate:default_t2seeder_sorttype:default_t2seeder_sortdirection',125,1),
	(126,'Seeded sequence for words related to the synset words: [away, outside]','adjective:(of a baseball pitch) on the far side of home plate from the batter:default_t2seeder_sorttype:default_t2seeder_sortdirection',126,1),
	(127,'Seeded sequence for words related to the synset words: [faulty, incorrect, wrong]','adjective:characterized by errors; not agreeing with a model or not following established rules:default_t2seeder_sorttype:default_t2seeder_sortdirection',127,1),
	(128,'Seeded sequence for words related to the synset words: [unfaithful]','adjective:not trustworthy:default_t2seeder_sorttype:default_t2seeder_sortdirection',128,1),
	(129,'Seeded sequence for words related to the synset words: [wide, wide of the mark]','adjective:not on target:default_t2seeder_sorttype:default_t2seeder_sortdirection',129,1),
	(130,'Seeded sequence for words related to the synset words: [used to, wont to]','adjective:in the habit:default_t2seeder_sorttype:default_t2seeder_sortdirection',130,1),
	(131,'Seeded sequence for words related to the synset words: [new]','adjective:unfamiliar:default_t2seeder_sorttype:default_t2seeder_sortdirection',131,1),
	(132,'Seeded sequence for words related to the synset words: [unused]','adjective:infrequently exposed to:default_t2seeder_sorttype:default_t2seeder_sortdirection',132,1),
	(133,'Seeded sequence for words related to the synset words: [acid]','adjective:having the characteristics of an acid:default_t2seeder_sorttype:default_t2seeder_sortdirection',133,1),
	(134,'Seeded sequence for words related to the synset words: [acid-forming]','adjective:yielding an acid in aqueous solution:default_t2seeder_sorttype:default_t2seeder_sortdirection',134,1),
	(135,'Seeded sequence for words related to the synset words: [alcalescent, alkalescent]','adjective:tending to become alkaline; slightly alkaline:default_t2seeder_sorttype:default_t2seeder_sortdirection',135,1),
	(136,'Seeded sequence for words related to the synset words: [basic]','adjective:of or denoting or of the nature of or containing a base:default_t2seeder_sorttype:default_t2seeder_sortdirection',136,1),
	(137,'Seeded sequence for words related to the synset words: [base-forming]','adjective:yielding a base in aqueous solution:default_t2seeder_sorttype:default_t2seeder_sortdirection',137,1),
	(138,'Seeded sequence for words related to the synset words: [saltlike]','adjective:resembling a compound formed by replacing hydrogen in an acid by a metal:default_t2seeder_sorttype:default_t2seeder_sortdirection',138,1),
	(139,'Seeded sequence for words related to the synset words: [acidophilic, acidophilous, aciduric]','adjective:especially of some bacteria; growing well in an acid medium:default_t2seeder_sorttype:default_t2seeder_sortdirection',139,1),
	(140,'Seeded sequence for words related to the synset words: [accepted, recognised, recognized]','adjective:generally approved or compelling recognition:default_t2seeder_sorttype:default_t2seeder_sortdirection',140,1),
	(141,'Seeded sequence for words related to the synset words: [self-confessed]','adjective:owned up to:default_t2seeder_sorttype:default_t2seeder_sortdirection',141,1),
	(142,'Seeded sequence for words related to the synset words: [assumptive]','adjective:accepted as real or true without proof:default_t2seeder_sorttype:default_t2seeder_sortdirection',142,1),
	(143,'Seeded sequence for words related to the synset words: [declarable]','adjective:that must be declared:default_t2seeder_sorttype:default_t2seeder_sortdirection',143,1),
	(144,'Seeded sequence for words related to the synset words: [given, granted]','adjective:acknowledged as a supposition:default_t2seeder_sorttype:default_t2seeder_sortdirection',144,1),
	(145,'Seeded sequence for words related to the synset words: [putative]','adjective:purported; commonly put forth or accepted as true on inconclusive grounds:default_t2seeder_sorttype:default_t2seeder_sortdirection',145,1),
	(146,'Seeded sequence for words related to the synset words: [unappreciated, unsung, unvalued]','adjective:having value that is not acknowledged:default_t2seeder_sorttype:default_t2seeder_sortdirection',146,1),
	(147,'Seeded sequence for words related to the synset words: [secret, unavowed]','adjective:not openly made known:default_t2seeder_sorttype:default_t2seeder_sortdirection',147,1),
	(148,'Seeded sequence for words related to the synset words: [unconfessed]','adjective:not admitted:default_t2seeder_sorttype:default_t2seeder_sortdirection',148,1),
	(149,'Seeded sequence for words related to the synset words: [unrecognised, unrecognized]','adjective:not recognized:default_t2seeder_sorttype:default_t2seeder_sortdirection',149,1),
	(150,'Seeded sequence for words related to the synset words: [accumulative]','adjective:marked by acquiring or amassing:default_t2seeder_sorttype:default_t2seeder_sortdirection',150,1),
	(151,'Seeded sequence for words related to the synset words: [inactive]','adjective:not active physically or mentally:default_t2seeder_sorttype:default_t2seeder_sortdirection',151,1),
	(152,'Seeded sequence for words related to the synset words: [active]','adjective:engaged in full-time work:default_t2seeder_sorttype:default_t2seeder_sortdirection',152,1),
	(153,'Seeded sequence for words related to the synset words: [inactive]','adjective:not engaged in full-time work:default_t2seeder_sorttype:default_t2seeder_sortdirection',153,1),
	(154,'Seeded sequence for words related to the synset words: [active]','adjective:full of activity or engaged in continuous activity:default_t2seeder_sorttype:default_t2seeder_sortdirection',154,1),
	(155,'Seeded sequence for words related to the synset words: [inactive]','adjective:lacking activity; lying idle or unused:default_t2seeder_sorttype:default_t2seeder_sortdirection',155,1),
	(156,'Seeded sequence for words related to the synset words: [active]','adjective:tending to become more severe or wider in scope:default_t2seeder_sorttype:default_t2seeder_sortdirection',156,1),
	(157,'Seeded sequence for words related to the synset words: [inactive]','adjective:(pathology) not progressing or increasing; or progressing slowly:default_t2seeder_sorttype:default_t2seeder_sortdirection',157,1),
	(158,'Seeded sequence for words related to the synset words: [active]','adjective:disposed to take action or effectuate change:default_t2seeder_sorttype:default_t2seeder_sortdirection',158,1),
	(159,'Seeded sequence for words related to the synset words: [inactive, passive]','adjective:lacking in energy or will:default_t2seeder_sorttype:default_t2seeder_sortdirection',159,1),
	(160,'Seeded sequence for words related to the synset words: [active]','adjective:(of e.g. volcanos) erupting or liable to erupt:default_t2seeder_sorttype:default_t2seeder_sortdirection',160,1),
	(161,'Seeded sequence for words related to the synset words: [dormant, inactive]','adjective:(of e.g. volcanos) not erupting and not extinct:default_t2seeder_sorttype:default_t2seeder_sortdirection',161,1),
	(162,'Seeded sequence for words related to the synset words: [extinct]','adjective:(of e.g. volcanos) permanently inactive:default_t2seeder_sorttype:default_t2seeder_sortdirection',162,1),
	(163,'Seeded sequence for words related to the synset words: [active]','adjective:(of e.g. volcanos) capable of erupting:default_t2seeder_sorttype:default_t2seeder_sortdirection',163,1),
	(164,'Seeded sequence for words related to the synset words: [active, dynamic]','adjective:(used of verbs (e.g. `to run\') and participial adjectives (e.g. `running\' in `running water\')) expressing action rather than a state of being:default_t2seeder_sorttype:default_t2seeder_sortdirection',164,1),
	(165,'Seeded sequence for words related to the synset words: [stative]','adjective:( used of verbs (e.g. `be\' or `own\') and most participial adjectives) expressing existence or a state rather than an action:default_t2seeder_sorttype:default_t2seeder_sortdirection',165,1),
	(166,'Seeded sequence for words related to the synset words: [active]','adjective:expressing that the subject of the sentence has the semantic function of actor::default_t2seeder_sorttype:default_t2seeder_sortdirection',166,1),
	(167,'Seeded sequence for words related to the synset words: [passive]','adjective:expressing that the subject of the sentence is the patient of the action denoted by the verb:default_t2seeder_sorttype:default_t2seeder_sortdirection',167,1),
	(168,'Seeded sequence for words related to the synset words: [active]','adjective:exerting influence or producing a change or effect:default_t2seeder_sorttype:default_t2seeder_sortdirection',168,1),
	(169,'Seeded sequence for words related to the synset words: [inactive]','adjective:not exerting influence or change:default_t2seeder_sorttype:default_t2seeder_sortdirection',169,1),
	(170,'Seeded sequence for words related to the synset words: [active]','adjective:(of the sun) characterized by an increased occurrence of sunspots and flares and radio emissions:default_t2seeder_sorttype:default_t2seeder_sortdirection',170,1),
	(171,'Seeded sequence for words related to the synset words: [quiet]','adjective:of the sun characterized by a low level of surface phenomena like sunspots e.g.:default_t2seeder_sorttype:default_t2seeder_sortdirection',171,1),
	(172,'Seeded sequence for words related to the synset words: [actual, existent]','adjective:presently existing in fact and not merely potential or possible:default_t2seeder_sorttype:default_t2seeder_sortdirection',172,1),
	(173,'Seeded sequence for words related to the synset words: [possible, potential]','adjective:existing in possibility:default_t2seeder_sorttype:default_t2seeder_sortdirection',173,1),
	(174,'Seeded sequence for words related to the synset words: [acute]','adjective:having or experiencing a rapid onset and short but severe course:default_t2seeder_sorttype:default_t2seeder_sortdirection',174,1),
	(175,'Seeded sequence for words related to the synset words: [chronic]','adjective:being long-lasting and recurrent or characterized by long suffering:default_t2seeder_sorttype:default_t2seeder_sortdirection',175,1),
	(176,'Seeded sequence for words related to the synset words: [virulent]','adjective:infectious; having the ability to cause disease:default_t2seeder_sorttype:default_t2seeder_sortdirection',176,1),
	(177,'Seeded sequence for words related to the synset words: [avirulent]','adjective:not virulent; unable to produce disease:default_t2seeder_sorttype:default_t2seeder_sortdirection',177,1),
	(178,'Seeded sequence for words related to the synset words: [adaptative, adaptive]','adjective:having a capacity for adaptation:default_t2seeder_sorttype:default_t2seeder_sortdirection',178,1),
	(179,'Seeded sequence for words related to the synset words: [maladaptive]','adjective:showing faulty adaptation:default_t2seeder_sorttype:default_t2seeder_sortdirection',179,1),
	(180,'Seeded sequence for words related to the synset words: [addicted]','adjective:compulsively or physiologically dependent on something habit-forming:default_t2seeder_sorttype:default_t2seeder_sortdirection',180,1),
	(181,'Seeded sequence for words related to the synset words: [unaddicted]','adjective:not addicted:default_t2seeder_sorttype:default_t2seeder_sortdirection',181,1),
	(182,'Seeded sequence for words related to the synset words: [addictive, habit-forming]','adjective:causing or characterized by addiction:default_t2seeder_sorttype:default_t2seeder_sortdirection',182,1),
	(183,'Seeded sequence for words related to the synset words: [nonaddictive]','adjective:not causing or characterized by addiction:default_t2seeder_sorttype:default_t2seeder_sortdirection',183,1),
	(184,'Seeded sequence for words related to the synset words: [additive]','adjective:characterized or produced by addition:default_t2seeder_sorttype:default_t2seeder_sortdirection',184,1),
	(185,'Seeded sequence for words related to the synset words: [subtractive]','adjective:constituting or involving subtraction:default_t2seeder_sorttype:default_t2seeder_sortdirection',185,1),
	(186,'Seeded sequence for words related to the synset words: [addressed]','adjective:(of mail) marked with a destination:default_t2seeder_sorttype:default_t2seeder_sortdirection',186,1),
	(187,'Seeded sequence for words related to the synset words: [unaddressed]','adjective:not addressed:default_t2seeder_sorttype:default_t2seeder_sortdirection',187,1),
	(188,'Seeded sequence for words related to the synset words: [adequate, equal]','adjective:having the requisite qualities or resources to meet a task:default_t2seeder_sorttype:default_t2seeder_sortdirection',188,1),
	(189,'Seeded sequence for words related to the synset words: [inadequate, unequal]','adjective:lacking the requisite qualities or resources to meet a task:default_t2seeder_sorttype:default_t2seeder_sortdirection',189,1),
	(190,'Seeded sequence for words related to the synset words: [adhesive]','adjective:tending to adhere:default_t2seeder_sorttype:default_t2seeder_sortdirection',190,1),
	(191,'Seeded sequence for words related to the synset words: [nonadhesive]','adjective:not tending to adhere:default_t2seeder_sorttype:default_t2seeder_sortdirection',191,1),
	(192,'Seeded sequence for words related to the synset words: [adjective, procedural]','adjective:relating to court practice and procedure as opposed to the principles of law:default_t2seeder_sorttype:default_t2seeder_sortdirection',192,1),
	(193,'Seeded sequence for words related to the synset words: [essential, substantive]','adjective:defining rights and duties as opposed to giving the rules by which rights and duties are established:default_t2seeder_sorttype:default_t2seeder_sortdirection',193,1),
	(194,'Seeded sequence for words related to the synset words: [adoptable]','adjective:suitable or eligible for adoption:default_t2seeder_sorttype:default_t2seeder_sortdirection',194,1),
	(195,'Seeded sequence for words related to the synset words: [unadoptable]','adjective:difficult to place in an adoptive home:default_t2seeder_sorttype:default_t2seeder_sortdirection',195,1),
	(196,'Seeded sequence for words related to the synset words: [adorned, decorated]','adjective:provided with something intended to increase its beauty or distinction:default_t2seeder_sorttype:default_t2seeder_sortdirection',196,1),
	(197,'Seeded sequence for words related to the synset words: [unadorned, undecorated]','adjective:not decorated with something to increase its beauty or distinction:default_t2seeder_sorttype:default_t2seeder_sortdirection',197,1),
	(198,'Seeded sequence for words related to the synset words: [cholinergic]','adjective:releasing or activated by acetylcholine or a related compound:default_t2seeder_sorttype:default_t2seeder_sortdirection',198,1),
	(199,'Seeded sequence for words related to the synset words: [anticholinergic]','adjective:inhibiting or blocking the action of acetylcholine at a receptor site:default_t2seeder_sorttype:default_t2seeder_sortdirection',199,1),
	(200,'Seeded sequence for words related to the synset words: [adroit]','adjective:quick or skillful or adept in action or thought:default_t2seeder_sorttype:default_t2seeder_sortdirection',200,1);

/*!40000 ALTER TABLE `th_entry` ENABLE KEYS */;
UNLOCK TABLES;


# Dump of table th_entry_label
# ------------------------------------------------------------

DROP TABLE IF EXISTS `th_entry_label`;

CREATE TABLE `th_entry_label` (
  `th_entry_label_id` int(11) NOT NULL AUTO_INCREMENT COMMENT 'Primary key.',
  `th_entry_id` int(11) NOT NULL COMMENT 'Foreign key.',
  `name` varchar(50) NOT NULL,
  `description` varchar(1000) NOT NULL,
  `th_mod_info_id` int(11) NOT NULL COMMENT 'Foreign key.',
  `label_datetime` timestamp NOT NULL DEFAULT CURRENT_TIMESTAMP ON UPDATE CURRENT_TIMESTAMP,
  PRIMARY KEY (`th_entry_label_id`),
  KEY `th_entry_id` (`th_entry_id`),
  KEY `th_mod_info_id` (`th_mod_info_id`),
  CONSTRAINT `th_entry_label_ibfk_1` FOREIGN KEY (`th_entry_id`) REFERENCES `th_entry` (`th_entry_id`),
  CONSTRAINT `th_entry_label_ibfk_2` FOREIGN KEY (`th_mod_info_id`) REFERENCES `th_mod_info` (`th_mod_info_id`)
) ENGINE=InnoDB AUTO_INCREMENT=24 DEFAULT CHARSET=utf8;



# Dump of table th_entry_sequence
# ------------------------------------------------------------

DROP TABLE IF EXISTS `th_entry_sequence`;

CREATE TABLE `th_entry_sequence` (
  `th_entry_sequence_id` int(11) NOT NULL AUTO_INCREMENT COMMENT 'Primary key.',
  `th_entry_id` int(11) NOT NULL COMMENT 'Foreign key.',
  `th_sequence_id` int(11) NOT NULL COMMENT 'Foreign key.',
  PRIMARY KEY (`th_entry_sequence_id`),
  UNIQUE KEY `th_entry_sequence_id` (`th_entry_sequence_id`),
  KEY `th_entry_id` (`th_entry_id`),
  KEY `th_sequence_id` (`th_sequence_id`),
  CONSTRAINT `th_entry_sequence_ibfk_1` FOREIGN KEY (`th_entry_id`) REFERENCES `th_entry` (`th_entry_id`),
  CONSTRAINT `th_entry_sequence_ibfk_2` FOREIGN KEY (`th_sequence_id`) REFERENCES `th_sequence` (`th_sequence_id`)
) ENGINE=InnoDB AUTO_INCREMENT=201 DEFAULT CHARSET=utf8;

LOCK TABLES `th_entry_sequence` WRITE;
/*!40000 ALTER TABLE `th_entry_sequence` DISABLE KEYS */;
INSERT INTO `th_entry_sequence` (`th_entry_sequence_id`,`th_entry_id`,`th_sequence_id`)
VALUES
	(1,1,1),
	(2,2,2),
	(3,3,3),
	(4,4,4),
	(5,5,5),
	(6,6,6),
	(7,7,7),
	(8,8,8),
	(9,9,9),
	(10,10,10),
	(11,11,11),
	(12,12,12),
	(13,13,13),
	(14,14,14),
	(15,15,15),
	(16,16,16),
	(17,17,17),
	(18,18,18),
	(19,19,19),
	(20,20,20),
	(21,21,21),
	(22,22,22),
	(23,23,23),
	(24,24,24),
	(25,25,25),
	(26,26,26),
	(27,27,27),
	(28,28,28),
	(29,29,29),
	(30,30,30),
	(31,31,31),
	(32,32,32),
	(33,33,33),
	(34,34,34),
	(35,35,35),
	(36,36,36),
	(37,37,37),
	(38,38,38),
	(39,39,39),
	(40,40,40),
	(41,41,41),
	(42,42,42),
	(43,43,43),
	(44,44,44),
	(45,45,45),
	(46,46,46),
	(47,47,47),
	(48,48,48),
	(49,49,49),
	(50,50,50),
	(51,51,51),
	(52,52,52),
	(53,53,53),
	(54,54,54),
	(55,55,55),
	(56,56,56),
	(57,57,57),
	(58,58,58),
	(59,59,59),
	(60,60,60),
	(61,61,61),
	(62,62,62),
	(63,63,63),
	(64,64,64),
	(65,65,65),
	(66,66,66),
	(67,67,67),
	(68,68,68),
	(69,69,69),
	(70,70,70),
	(71,71,71),
	(72,72,72),
	(73,73,73),
	(74,74,74),
	(75,75,75),
	(76,76,76),
	(77,77,77),
	(78,78,78),
	(79,79,79),
	(80,80,80),
	(81,81,81),
	(82,82,82),
	(83,83,83),
	(84,84,84),
	(85,85,85),
	(86,86,86),
	(87,87,87),
	(88,88,88),
	(89,89,89),
	(90,90,90),
	(91,91,91),
	(92,92,92),
	(93,93,93),
	(94,94,94),
	(95,95,95),
	(96,96,96),
	(97,97,97),
	(98,98,98),
	(99,99,99),
	(100,100,100),
	(101,101,101),
	(102,102,102),
	(103,103,103),
	(104,104,104),
	(105,105,105),
	(106,106,106),
	(107,107,107),
	(108,108,108),
	(109,109,109),
	(110,110,110),
	(111,111,111),
	(112,112,112),
	(113,113,113),
	(114,114,114),
	(115,115,115),
	(116,116,116),
	(117,117,117),
	(118,118,118),
	(119,119,119),
	(120,120,120),
	(121,121,121),
	(122,122,122),
	(123,123,123),
	(124,124,124),
	(125,125,125),
	(126,126,126),
	(127,127,127),
	(128,128,128),
	(129,129,129),
	(130,130,130),
	(131,131,131),
	(132,132,132),
	(133,133,133),
	(134,134,134),
	(135,135,135),
	(136,136,136),
	(137,137,137),
	(138,138,138),
	(139,139,139),
	(140,140,140),
	(141,141,141),
	(142,142,142),
	(143,143,143),
	(144,144,144),
	(145,145,145),
	(146,146,146),
	(147,147,147),
	(148,148,148),
	(149,149,149),
	(150,150,150),
	(151,151,151),
	(152,152,152),
	(153,153,153),
	(154,154,154),
	(155,155,155),
	(156,156,156),
	(157,157,157),
	(158,158,158),
	(159,159,159),
	(160,160,160),
	(161,161,161),
	(162,162,162),
	(163,163,163),
	(164,164,164),
	(165,165,165),
	(166,166,166),
	(167,167,167),
	(168,168,168),
	(169,169,169),
	(170,170,170),
	(171,171,171),
	(172,172,172),
	(173,173,173),
	(174,174,174),
	(175,175,175),
	(176,176,176),
	(177,177,177),
	(178,178,178),
	(179,179,179),
	(180,180,180),
	(181,181,181),
	(182,182,182),
	(183,183,183),
	(184,184,184),
	(185,185,185),
	(186,186,186),
	(187,187,187),
	(188,188,188),
	(189,189,189),
	(190,190,190),
	(191,191,191),
	(192,192,192),
	(193,193,193),
	(194,194,194),
	(195,195,195),
	(196,196,196),
	(197,197,197),
	(198,198,198),
	(199,199,199),
	(200,200,200);

/*!40000 ALTER TABLE `th_entry_sequence` ENABLE KEYS */;
UNLOCK TABLES;


# Dump of table th_example
# ------------------------------------------------------------

DROP TABLE IF EXISTS `th_example`;

CREATE TABLE `th_example` (
  `th_example_id` int(11) NOT NULL AUTO_INCREMENT,
  `th_definition_id` int(11) NOT NULL,
  `th_mod_info_id` int(11) NOT NULL,
  `example` varchar(100) NOT NULL,
  `ordinality` int(11) NOT NULL,
  PRIMARY KEY (`th_example_id`),
  KEY `th_definition_id` (`th_definition_id`),
  KEY `th_mod_info_id` (`th_mod_info_id`),
  CONSTRAINT `th_example_ibfk_1` FOREIGN KEY (`th_definition_id`) REFERENCES `th_definition` (`th_definition_id`),
  CONSTRAINT `th_example_ibfk_2` FOREIGN KEY (`th_mod_info_id`) REFERENCES `th_mod_info` (`th_mod_info_id`)
) ENGINE=InnoDB DEFAULT CHARSET=utf8;



# Dump of table th_member
# ------------------------------------------------------------

DROP TABLE IF EXISTS `th_member`;

CREATE TABLE `th_member` (
  `th_member_id` int(11) NOT NULL AUTO_INCREMENT COMMENT 'Primary key.',
  `th_sequence_id` int(11) NOT NULL COMMENT 'Foreign key.',
  `th_phrase_definition_id` int(11) NOT NULL COMMENT 'Foreign key.',
  `ordinality` int(11) NOT NULL COMMENT 'The relative position of the member in the sequence. Multiple members may have the same ordinality.',
  `th_mod_info_id` int(11) NOT NULL COMMENT 'Foreign key.',
  PRIMARY KEY (`th_member_id`),
  KEY `th_sequence_id` (`th_sequence_id`),
  KEY `th_phrase_definition_id` (`th_phrase_definition_id`),
  KEY `th_mod_info_id` (`th_mod_info_id`),
  CONSTRAINT `th_member_ibfk_1` FOREIGN KEY (`th_sequence_id`) REFERENCES `th_sequence` (`th_sequence_id`),
  CONSTRAINT `th_member_ibfk_2` FOREIGN KEY (`th_phrase_definition_id`) REFERENCES `th_phrase_definition` (`th_phrase_definition_id`),
  CONSTRAINT `th_member_ibfk_3` FOREIGN KEY (`th_mod_info_id`) REFERENCES `th_mod_info` (`th_mod_info_id`)
) ENGINE=InnoDB AUTO_INCREMENT=565 DEFAULT CHARSET=utf8 COMMENT='The position of a phrase definition within a sequence.';

LOCK TABLES `th_member` WRITE;
/*!40000 ALTER TABLE `th_member` DISABLE KEYS */;
INSERT INTO `th_member` (`th_member_id`,`th_sequence_id`,`th_phrase_definition_id`,`ordinality`,`th_mod_info_id`)
VALUES
	(1,1,2,1,1),
	(2,1,3,1,1),
	(3,2,4,1,1),
	(4,3,5,1,1),
	(5,4,6,1,1),
	(6,5,7,1,1),
	(7,6,8,1,1),
	(8,6,9,1,1),
	(9,7,10,1,1),
	(10,8,11,1,1),
	(11,9,12,1,1),
	(12,9,13,1,1),
	(13,10,14,1,1),
	(14,11,15,1,1),
	(15,11,16,1,1),
	(16,12,17,1,1),
	(17,13,18,1,1),
	(18,14,19,1,1),
	(19,15,20,1,1),
	(20,15,21,1,1),
	(21,16,22,1,1),
	(22,16,23,1,1),
	(23,16,24,1,1),
	(24,17,25,1,1),
	(25,18,26,1,1),
	(26,19,27,1,1),
	(27,20,28,1,1),
	(28,20,29,1,1),
	(29,21,30,1,1),
	(30,22,31,1,1),
	(31,22,32,1,1),
	(32,23,33,1,1),
	(33,23,34,1,1),
	(34,24,35,1,1),
	(35,24,36,1,1),
	(36,25,37,1,1),
	(37,25,38,1,1),
	(38,25,39,1,1),
	(39,25,40,1,1),
	(40,26,41,1,1),
	(41,27,42,1,1),
	(42,27,43,1,1),
	(43,28,44,1,1),
	(44,28,45,1,1),
	(45,28,46,1,1),
	(46,28,47,1,1),
	(47,28,48,1,1),
	(48,28,49,1,1),
	(49,28,50,1,1),
	(50,29,51,1,1),
	(51,30,52,1,1),
	(52,30,53,1,1),
	(53,30,54,1,1),
	(54,30,55,1,1),
	(55,30,56,1,1),
	(56,31,57,1,1),
	(57,31,58,1,1),
	(58,32,59,1,1),
	(59,32,60,1,1),
	(60,32,61,1,1),
	(61,33,62,1,1),
	(62,34,63,1,1),
	(63,35,64,1,1),
	(64,35,65,1,1),
	(65,36,66,1,1),
	(66,37,67,1,1),
	(67,37,68,1,1),
	(68,38,69,1,1),
	(69,38,70,1,1),
	(70,39,71,1,1),
	(71,39,72,1,1),
	(72,39,73,1,1),
	(73,39,74,1,1),
	(74,39,75,1,1),
	(75,40,76,1,1),
	(76,40,77,1,1),
	(77,41,78,1,1),
	(78,42,79,1,1),
	(79,42,80,1,1),
	(80,42,81,1,1),
	(81,42,82,1,1),
	(82,42,83,1,1),
	(83,43,84,1,1),
	(84,44,85,1,1),
	(85,45,86,1,1),
	(86,45,87,1,1),
	(87,45,88,1,1),
	(88,46,89,1,1),
	(89,47,90,1,1),
	(90,48,91,1,1),
	(91,49,92,1,1),
	(92,50,93,1,1),
	(93,51,94,1,1),
	(94,52,95,1,1),
	(95,53,96,1,1),
	(96,53,97,1,1),
	(97,54,98,1,1),
	(98,54,99,1,1),
	(99,55,100,1,1),
	(100,56,101,1,1),
	(101,57,102,1,1),
	(102,57,103,1,1),
	(103,58,104,1,1),
	(104,58,105,1,1),
	(105,58,106,1,1),
	(106,59,107,1,1),
	(107,60,108,1,1),
	(108,61,109,1,1),
	(109,62,110,1,1),
	(110,63,111,1,1),
	(111,64,112,1,1),
	(112,64,113,1,1),
	(113,65,114,1,1),
	(114,65,115,1,1),
	(115,66,116,1,1),
	(116,66,117,1,1),
	(117,67,118,1,1),
	(118,67,119,1,1),
	(119,67,120,1,1),
	(120,68,121,1,1),
	(121,68,122,1,1),
	(122,69,123,1,1),
	(123,70,124,1,1),
	(124,70,125,1,1),
	(125,71,126,1,1),
	(126,72,127,1,1),
	(127,73,128,1,1),
	(128,74,129,1,1),
	(129,75,130,1,1),
	(130,76,131,1,1),
	(131,77,132,1,1),
	(132,77,133,1,1),
	(133,77,134,1,1),
	(134,77,135,1,1),
	(135,78,136,1,1),
	(136,79,137,1,1),
	(137,80,138,1,1),
	(138,81,139,1,1),
	(139,82,140,1,1),
	(140,82,141,1,1),
	(141,83,142,1,1),
	(142,83,143,1,1),
	(143,84,144,1,1),
	(144,84,145,1,1),
	(145,85,146,1,1),
	(146,86,147,1,1),
	(147,87,148,1,1),
	(148,88,149,1,1),
	(149,89,150,1,1),
	(150,90,151,1,1),
	(151,90,152,1,1),
	(152,91,153,1,1),
	(153,91,154,1,1),
	(154,92,155,1,1),
	(155,93,156,1,1),
	(156,94,157,1,1),
	(157,95,158,1,1),
	(158,96,159,1,1),
	(159,97,160,1,1),
	(160,98,161,1,1),
	(161,99,162,1,1),
	(162,100,163,1,1),
	(163,59,2,2,1),
	(164,59,4,2,1),
	(165,59,5,2,1),
	(166,60,6,2,1),
	(167,60,7,2,1),
	(168,61,8,2,1),
	(169,61,10,2,1),
	(170,61,11,2,1),
	(171,62,12,2,1),
	(172,63,14,2,1),
	(173,63,15,2,1),
	(174,63,17,2,1),
	(175,63,18,2,1),
	(176,64,19,2,1),
	(177,65,20,2,1),
	(178,65,22,2,1),
	(179,65,25,2,1),
	(180,65,26,2,1),
	(181,65,27,2,1),
	(182,65,28,2,1),
	(183,65,30,2,1),
	(184,66,31,2,1),
	(185,67,33,2,1),
	(186,71,35,2,1),
	(187,71,37,2,1),
	(188,72,41,2,1),
	(189,72,42,2,1),
	(190,72,44,2,1),
	(191,72,51,2,1),
	(192,72,52,2,1),
	(193,72,57,2,1),
	(194,73,59,2,1),
	(195,73,62,2,1),
	(196,73,63,2,1),
	(197,73,64,2,1),
	(198,74,66,2,1),
	(199,74,67,2,1),
	(200,75,69,2,1),
	(201,75,71,2,1),
	(202,75,76,2,1),
	(203,75,78,2,1),
	(204,75,79,2,1),
	(205,75,84,2,1),
	(206,75,85,2,1),
	(207,75,86,2,1),
	(208,75,89,2,1),
	(209,75,90,2,1),
	(210,75,91,2,1),
	(211,75,92,2,1),
	(212,75,93,2,1),
	(213,1,107,2,1),
	(214,2,107,2,1),
	(215,3,107,2,1),
	(216,4,108,2,1),
	(217,5,108,2,1),
	(218,6,109,2,1),
	(219,7,109,2,1),
	(220,8,109,2,1),
	(221,9,110,2,1),
	(222,10,111,2,1),
	(223,11,111,2,1),
	(224,12,111,2,1),
	(225,13,111,2,1),
	(226,14,112,2,1),
	(227,15,114,2,1),
	(228,16,114,2,1),
	(229,17,114,2,1),
	(230,18,114,2,1),
	(231,19,114,2,1),
	(232,20,114,2,1),
	(233,21,114,2,1),
	(234,22,116,2,1),
	(235,23,118,2,1),
	(236,24,126,2,1),
	(237,25,126,2,1),
	(238,26,127,2,1),
	(239,27,127,2,1),
	(240,28,127,2,1),
	(241,29,127,2,1),
	(242,30,127,2,1),
	(243,31,127,2,1),
	(244,32,128,2,1),
	(245,33,128,2,1),
	(246,34,128,2,1),
	(247,35,128,2,1),
	(248,36,129,2,1),
	(249,37,129,2,1),
	(250,38,130,2,1),
	(251,39,130,2,1),
	(252,40,130,2,1),
	(253,41,130,2,1),
	(254,42,130,2,1),
	(255,43,130,2,1),
	(256,44,130,2,1),
	(257,45,130,2,1),
	(258,46,130,2,1),
	(259,47,130,2,1),
	(260,48,130,2,1),
	(261,49,130,2,1),
	(262,50,130,2,1),
	(263,52,94,3,1),
	(264,51,95,3,1),
	(265,54,96,3,1),
	(266,53,98,3,1),
	(267,56,100,3,1),
	(268,55,101,3,1),
	(269,58,102,3,1),
	(270,57,104,3,1),
	(271,60,107,3,1),
	(272,59,108,3,1),
	(273,62,109,3,1),
	(274,61,110,3,1),
	(275,64,111,3,1),
	(276,63,112,3,1),
	(277,66,114,3,1),
	(278,65,116,3,1),
	(279,68,118,3,1),
	(280,67,121,3,1),
	(281,70,123,3,1),
	(282,69,124,3,1),
	(283,72,126,3,1),
	(284,71,127,3,1),
	(285,74,128,3,1),
	(286,73,129,3,1),
	(287,76,130,3,1),
	(288,75,131,3,1),
	(289,78,132,3,1),
	(290,77,136,3,1),
	(291,80,137,3,1),
	(292,79,138,3,1),
	(293,82,139,3,1),
	(294,81,140,3,1),
	(295,84,142,3,1),
	(296,83,144,3,1),
	(297,86,146,3,1),
	(298,85,147,3,1),
	(299,88,148,3,1),
	(300,87,149,3,1),
	(301,90,150,3,1),
	(302,91,150,3,1),
	(303,89,151,3,1),
	(304,91,151,3,1),
	(305,89,153,3,1),
	(306,90,153,3,1),
	(307,93,155,3,1),
	(308,92,156,3,1),
	(309,95,157,3,1),
	(310,94,158,3,1),
	(311,97,159,3,1),
	(312,96,160,3,1),
	(313,99,161,3,1),
	(314,98,162,3,1),
	(315,101,164,1,1),
	(316,102,165,1,1),
	(317,103,166,1,1),
	(318,104,167,1,1),
	(319,105,168,1,1),
	(320,106,169,1,1),
	(321,107,170,1,1),
	(322,107,171,1,1),
	(323,108,172,1,1),
	(324,109,173,1,1),
	(325,109,174,1,1),
	(326,110,175,1,1),
	(327,110,176,1,1),
	(328,111,177,1,1),
	(329,111,178,1,1),
	(330,111,179,1,1),
	(331,112,180,1,1),
	(332,112,181,1,1),
	(333,113,182,1,1),
	(334,113,183,1,1),
	(335,114,184,1,1),
	(336,114,185,1,1),
	(337,114,186,1,1),
	(338,114,187,1,1),
	(339,114,188,1,1),
	(340,114,189,1,1),
	(341,115,190,1,1),
	(342,115,191,1,1),
	(343,115,192,1,1),
	(344,115,193,1,1),
	(345,116,194,1,1),
	(346,116,195,1,1),
	(347,116,196,1,1),
	(348,117,197,1,1),
	(349,117,198,1,1),
	(350,118,199,1,1),
	(351,118,200,1,1),
	(352,119,201,1,1),
	(353,119,202,1,1),
	(354,120,203,1,1),
	(355,121,204,1,1),
	(356,121,205,1,1),
	(357,122,206,1,1),
	(358,123,207,1,1),
	(359,124,208,1,1),
	(360,124,209,1,1),
	(361,125,210,1,1),
	(362,125,211,1,1),
	(363,126,212,1,1),
	(364,126,213,1,1),
	(365,127,214,1,1),
	(366,127,215,1,1),
	(367,127,216,1,1),
	(368,128,217,1,1),
	(369,129,218,1,1),
	(370,129,219,1,1),
	(371,130,220,1,1),
	(372,130,221,1,1),
	(373,131,222,1,1),
	(374,132,223,1,1),
	(375,133,224,1,1),
	(376,134,225,1,1),
	(377,135,226,1,1),
	(378,135,227,1,1),
	(379,136,228,1,1),
	(380,137,229,1,1),
	(381,138,230,1,1),
	(382,139,231,1,1),
	(383,139,232,1,1),
	(384,139,233,1,1),
	(385,140,234,1,1),
	(386,140,235,1,1),
	(387,140,236,1,1),
	(388,141,237,1,1),
	(389,142,238,1,1),
	(390,143,239,1,1),
	(391,144,240,1,1),
	(392,144,241,1,1),
	(393,145,242,1,1),
	(394,146,243,1,1),
	(395,146,244,1,1),
	(396,146,245,1,1),
	(397,147,246,1,1),
	(398,147,247,1,1),
	(399,148,248,1,1),
	(400,149,249,1,1),
	(401,149,250,1,1),
	(402,150,251,1,1),
	(403,151,252,1,1),
	(404,152,253,1,1),
	(405,153,254,1,1),
	(406,154,255,1,1),
	(407,155,256,1,1),
	(408,156,257,1,1),
	(409,157,258,1,1),
	(410,158,259,1,1),
	(411,159,260,1,1),
	(412,159,261,1,1),
	(413,160,262,1,1),
	(414,161,263,1,1),
	(415,161,264,1,1),
	(416,162,265,1,1),
	(417,163,266,1,1),
	(418,164,267,1,1),
	(419,164,268,1,1),
	(420,165,269,1,1),
	(421,166,270,1,1),
	(422,167,271,1,1),
	(423,168,272,1,1),
	(424,169,273,1,1),
	(425,170,274,1,1),
	(426,171,275,1,1),
	(427,172,276,1,1),
	(428,172,277,1,1),
	(429,173,278,1,1),
	(430,173,279,1,1),
	(431,174,280,1,1),
	(432,175,281,1,1),
	(433,176,282,1,1),
	(434,177,283,1,1),
	(435,178,284,1,1),
	(436,178,285,1,1),
	(437,179,286,1,1),
	(438,180,287,1,1),
	(439,181,288,1,1),
	(440,182,289,1,1),
	(441,182,290,1,1),
	(442,183,291,1,1),
	(443,184,292,1,1),
	(444,185,293,1,1),
	(445,186,294,1,1),
	(446,187,295,1,1),
	(447,188,296,1,1),
	(448,188,297,1,1),
	(449,189,298,1,1),
	(450,189,299,1,1),
	(451,190,300,1,1),
	(452,191,301,1,1),
	(453,192,302,1,1),
	(454,192,303,1,1),
	(455,193,304,1,1),
	(456,193,305,1,1),
	(457,194,306,1,1),
	(458,195,307,1,1),
	(459,196,308,1,1),
	(460,196,309,1,1),
	(461,197,310,1,1),
	(462,197,311,1,1),
	(463,198,312,1,1),
	(464,199,313,1,1),
	(465,200,314,1,1),
	(466,75,164,2,1),
	(467,75,165,2,1),
	(468,76,166,2,1),
	(469,76,167,2,1),
	(470,77,168,2,1),
	(471,79,169,2,1),
	(472,79,170,2,1),
	(473,79,172,2,1),
	(474,80,173,2,1),
	(475,81,175,2,1),
	(476,81,177,2,1),
	(477,81,180,2,1),
	(478,82,182,2,1),
	(479,82,184,2,1),
	(480,82,190,2,1),
	(481,82,194,2,1),
	(482,83,197,2,1),
	(483,84,199,2,1),
	(484,85,201,2,1),
	(485,85,203,2,1),
	(486,85,204,2,1),
	(487,85,206,2,1),
	(488,85,207,2,1),
	(489,85,208,2,1),
	(490,85,210,2,1),
	(491,86,212,2,1),
	(492,86,214,2,1),
	(493,86,217,2,1),
	(494,86,218,2,1),
	(495,87,220,2,1),
	(496,88,222,2,1),
	(497,88,223,2,1),
	(498,89,224,2,1),
	(499,89,225,2,1),
	(500,90,226,2,1),
	(501,90,228,2,1),
	(502,90,229,2,1),
	(503,90,230,2,1),
	(504,92,231,2,1),
	(505,94,234,2,1),
	(506,94,237,2,1),
	(507,94,238,2,1),
	(508,94,239,2,1),
	(509,94,240,2,1),
	(510,94,242,2,1),
	(511,95,243,2,1),
	(512,95,246,2,1),
	(513,95,248,2,1),
	(514,95,249,2,1),
	(515,96,251,2,1),
	(516,100,252,3,1),
	(517,153,253,3,1),
	(518,152,254,3,1),
	(519,155,255,3,1),
	(520,154,256,3,1),
	(521,157,257,3,1),
	(522,156,258,3,1),
	(523,159,259,3,1),
	(524,158,260,3,1),
	(525,161,262,3,1),
	(526,160,263,3,1),
	(527,163,265,3,1),
	(528,162,266,3,1),
	(529,165,267,3,1),
	(530,164,269,3,1),
	(531,167,270,3,1),
	(532,166,271,3,1),
	(533,169,272,3,1),
	(534,168,273,3,1),
	(535,171,274,3,1),
	(536,170,275,3,1),
	(537,173,276,3,1),
	(538,172,278,3,1),
	(539,175,280,3,1),
	(540,174,281,3,1),
	(541,177,282,3,1),
	(542,176,283,3,1),
	(543,179,284,3,1),
	(544,178,286,3,1),
	(545,181,287,3,1),
	(546,180,288,3,1),
	(547,183,289,3,1),
	(548,182,291,3,1),
	(549,185,292,3,1),
	(550,184,293,3,1),
	(551,187,294,3,1),
	(552,186,295,3,1),
	(553,189,296,3,1),
	(554,188,298,3,1),
	(555,191,300,3,1),
	(556,190,301,3,1),
	(557,193,302,3,1),
	(558,192,304,3,1),
	(559,195,306,3,1),
	(560,194,307,3,1),
	(561,197,308,3,1),
	(562,196,310,3,1),
	(563,199,312,3,1),
	(564,198,313,3,1);

/*!40000 ALTER TABLE `th_member` ENABLE KEYS */;
UNLOCK TABLES;


# Dump of table th_metadata
# ------------------------------------------------------------

DROP TABLE IF EXISTS `th_metadata`;

CREATE TABLE `th_metadata` (
  `th_metadata_id` int(11) NOT NULL AUTO_INCREMENT COMMENT 'Primary key.',
  `th_phrase_definition_id` int(11) NOT NULL COMMENT 'Foreign key.',
  `th_metadata_key_id` int(11) NOT NULL COMMENT 'Foreign key.',
  `value` varchar(1000) NOT NULL,
  PRIMARY KEY (`th_metadata_id`),
  KEY `th_phrase_definition_id` (`th_phrase_definition_id`),
  KEY `th_metadata_key_id` (`th_metadata_key_id`),
  CONSTRAINT `th_metadata_ibfk_2` FOREIGN KEY (`th_phrase_definition_id`) REFERENCES `th_phrase_definition` (`th_phrase_definition_id`),
  CONSTRAINT `th_metadata_ibfk_3` FOREIGN KEY (`th_metadata_key_id`) REFERENCES `th_metadata_key` (`th_metadata_key_id`)
) ENGINE=InnoDB AUTO_INCREMENT=2 DEFAULT CHARSET=utf8;

LOCK TABLES `th_metadata` WRITE;
/*!40000 ALTER TABLE `th_metadata` DISABLE KEYS */;
INSERT INTO `th_metadata` (`th_metadata_id`,`th_phrase_definition_id`,`th_metadata_key_id`,`value`)
VALUES
	(1,1,1,'t2seeder_default_metadata_value');

/*!40000 ALTER TABLE `th_metadata` ENABLE KEYS */;
UNLOCK TABLES;


# Dump of table th_metadata_key
# ------------------------------------------------------------

DROP TABLE IF EXISTS `th_metadata_key`;

CREATE TABLE `th_metadata_key` (
  `th_metadata_key_id` int(11) NOT NULL AUTO_INCREMENT COMMENT 'Primary key.',
  `key` varchar(100) NOT NULL COMMENT 'A string used to define a metadata key.',
  `description` varchar(1000) NOT NULL COMMENT 'A description of the the metadata key.',
  `th_mod_info_id` int(11) NOT NULL COMMENT 'Foreign key.',
  `th_data_type_id` int(11) NOT NULL COMMENT 'Foreign key.',
  PRIMARY KEY (`th_metadata_key_id`),
  KEY `th_mod_info_id` (`th_mod_info_id`),
  KEY `fk_th_metadata_key_th_data_type1_idx` (`th_data_type_id`),
  CONSTRAINT `fk_th_metadata_key_th_data_type1` FOREIGN KEY (`th_data_type_id`) REFERENCES `th_data_type` (`th_data_type_id`) ON DELETE NO ACTION ON UPDATE NO ACTION,
  CONSTRAINT `th_metadata_key_ibfk_1` FOREIGN KEY (`th_mod_info_id`) REFERENCES `th_mod_info` (`th_mod_info_id`)
) ENGINE=InnoDB AUTO_INCREMENT=2 DEFAULT CHARSET=utf8 COMMENT='Keys used to identify data in the metadata table.';

LOCK TABLES `th_metadata_key` WRITE;
/*!40000 ALTER TABLE `th_metadata_key` DISABLE KEYS */;
INSERT INTO `th_metadata_key` (`th_metadata_key_id`,`key`,`description`,`th_mod_info_id`,`th_data_type_id`)
VALUES
	(1,'t2seeder_default_metadata_key','Default metadata key for T2Seeder',1,4);

/*!40000 ALTER TABLE `th_metadata_key` ENABLE KEYS */;
UNLOCK TABLES;


# Dump of table th_mod_info
# ------------------------------------------------------------

DROP TABLE IF EXISTS `th_mod_info`;

CREATE TABLE `th_mod_info` (
  `th_mod_info_id` int(11) NOT NULL AUTO_INCREMENT COMMENT 'Primary key.',
  `th_source_id` int(11) NOT NULL COMMENT 'Foreign key.',
  `th_editor_action_id` int(11) NOT NULL COMMENT 'Foreign key.',
  `mod_datetime` timestamp NOT NULL DEFAULT CURRENT_TIMESTAMP ON UPDATE CURRENT_TIMESTAMP,
  PRIMARY KEY (`th_mod_info_id`),
  KEY `th_source_id` (`th_source_id`,`th_editor_action_id`),
  KEY `th_editor_action_id` (`th_editor_action_id`),
  CONSTRAINT `th_mod_info_ibfk_1` FOREIGN KEY (`th_source_id`) REFERENCES `th_source` (`th_source_id`),
  CONSTRAINT `th_mod_info_ibfk_2` FOREIGN KEY (`th_editor_action_id`) REFERENCES `th_editor_action` (`th_editor_action_id`)
) ENGINE=InnoDB AUTO_INCREMENT=2 DEFAULT CHARSET=utf8;

LOCK TABLES `th_mod_info` WRITE;
/*!40000 ALTER TABLE `th_mod_info` DISABLE KEYS */;
INSERT INTO `th_mod_info` (`th_mod_info_id`,`th_source_id`,`th_editor_action_id`,`mod_datetime`)
VALUES
	(1,1,7,'2013-05-02 10:01:46');

/*!40000 ALTER TABLE `th_mod_info` ENABLE KEYS */;
UNLOCK TABLES;


# Dump of table th_part_of_speech
# ------------------------------------------------------------

DROP TABLE IF EXISTS `th_part_of_speech`;

CREATE TABLE `th_part_of_speech` (
  `th_part_of_speech_id` int(11) NOT NULL AUTO_INCREMENT,
  `name` varchar(30) NOT NULL,
  `abbr` varchar(10) NOT NULL,
  PRIMARY KEY (`th_part_of_speech_id`)
) ENGINE=InnoDB AUTO_INCREMENT=1467 DEFAULT CHARSET=latin1;

LOCK TABLES `th_part_of_speech` WRITE;
/*!40000 ALTER TABLE `th_part_of_speech` DISABLE KEYS */;
INSERT INTO `th_part_of_speech` (`th_part_of_speech_id`,`name`,`abbr`)
VALUES
	(1458,'adjective','adj.'),
	(1459,'adverb','adv.'),
	(1460,'conjunction','conj.'),
	(1461,'interjection','inter.'),
	(1462,'noun','noun'),
	(1463,'preposition','prep.'),
	(1464,'pronoun','pron.'),
	(1465,'verb','verb'),
	(1466,'adjective_satellite','adj.s.');

/*!40000 ALTER TABLE `th_part_of_speech` ENABLE KEYS */;
UNLOCK TABLES;


# Dump of table th_phrase
# ------------------------------------------------------------

DROP TABLE IF EXISTS `th_phrase`;

CREATE TABLE `th_phrase` (
  `th_phrase_id` int(11) NOT NULL AUTO_INCREMENT COMMENT 'Unique ID.',
  `lemma` varchar(100) NOT NULL COMMENT 'A unique word or phrase.',
  PRIMARY KEY (`th_phrase_id`)
) ENGINE=InnoDB AUTO_INCREMENT=295 DEFAULT CHARSET=utf8 COMMENT='A phrase or single word that is unique within the system.';

LOCK TABLES `th_phrase` WRITE;
/*!40000 ALTER TABLE `th_phrase` DISABLE KEYS */;
INSERT INTO `th_phrase` (`th_phrase_id`,`lemma`)
VALUES
	(1,'dummy_phrase'),
	(2,'emergent'),
	(3,'emerging'),
	(4,'dissilient'),
	(5,'parturient'),
	(6,'moribund'),
	(7,'last'),
	(8,'cut'),
	(9,'shortened'),
	(10,'half-length'),
	(11,'potted'),
	(12,'full-length'),
	(13,'uncut'),
	(14,'direct'),
	(15,'implicit'),
	(16,'unquestioning'),
	(17,'infinite'),
	(18,'living'),
	(19,'relational'),
	(20,'absorbefacient'),
	(21,'sorbefacient'),
	(22,'assimilating'),
	(23,'assimilative'),
	(24,'assimilatory'),
	(25,'hygroscopic'),
	(26,'receptive'),
	(27,'shock-absorbent'),
	(28,'spongelike'),
	(29,'spongy'),
	(30,'thirsty'),
	(31,'repellent'),
	(32,'resistant'),
	(33,'chemisorptive'),
	(34,'chemosorptive'),
	(35,'abstentious'),
	(36,'abstinent'),
	(37,'ascetic'),
	(38,'ascetical'),
	(39,'austere'),
	(40,'spartan'),
	(41,'crapulous'),
	(42,'crapulent'),
	(43,'edacious'),
	(44,'esurient'),
	(45,'rapacious'),
	(46,'ravening'),
	(47,'ravenous'),
	(48,'voracious'),
	(49,'wolfish'),
	(50,'greedy'),
	(51,'hoggish'),
	(52,'piggish'),
	(53,'piggy'),
	(54,'porcine'),
	(55,'swinish'),
	(56,'overgreedy'),
	(57,'too-greedy'),
	(58,'conceptional'),
	(59,'ideational'),
	(60,'notional'),
	(61,'conceptual'),
	(62,'ideal'),
	(63,'ideologic'),
	(64,'ideological'),
	(65,'objective'),
	(66,'real'),
	(67,'tangible'),
	(68,'abounding'),
	(69,'galore'),
	(70,'ample'),
	(71,'copious'),
	(72,'plenteous'),
	(73,'plentiful'),
	(74,'rich'),
	(75,'voluminous'),
	(76,'easy'),
	(77,'exuberant'),
	(78,'lush'),
	(79,'luxuriant'),
	(80,'profuse'),
	(81,'riotous'),
	(82,'thick'),
	(83,'long'),
	(84,'overabundant'),
	(85,'plethoric'),
	(86,'rife'),
	(87,'rampant'),
	(88,'rank'),
	(89,'superabundant'),
	(90,'teeming'),
	(91,'able'),
	(92,'unable'),
	(93,'abaxial'),
	(94,'dorsal'),
	(95,'adaxial'),
	(96,'ventral'),
	(97,'acroscopic'),
	(98,'basiscopic'),
	(99,'abducent'),
	(100,'abducting'),
	(101,'adducent'),
	(102,'adducting'),
	(103,'adductive'),
	(104,'nascent'),
	(105,'dying'),
	(106,'abridged'),
	(107,'unabridged'),
	(108,'absolute'),
	(109,'comparative'),
	(110,'relative'),
	(111,'absorbent'),
	(112,'absorptive'),
	(113,'nonabsorbent'),
	(114,'nonabsorptive'),
	(115,'adsorbent'),
	(116,'adsorptive'),
	(117,'surface-assimilative'),
	(118,'nonadsorbent'),
	(119,'nonadsorptive'),
	(120,'absorbable'),
	(121,'adsorbable'),
	(122,'adsorbate'),
	(123,'abstemious'),
	(124,'gluttonous'),
	(125,'abstract'),
	(126,'concrete'),
	(127,'abundant'),
	(128,'scarce'),
	(129,'abused'),
	(130,'ill-treated'),
	(131,'maltreated'),
	(132,'mistreated'),
	(133,'unabused'),
	(134,'acceptable'),
	(135,'unacceptable'),
	(136,'accessible'),
	(137,'inaccessible'),
	(138,'unaccessible'),
	(139,'accommodating'),
	(140,'accommodative'),
	(141,'unaccommodating'),
	(142,'unobliging'),
	(143,'accurate'),
	(144,'inaccurate'),
	(145,'accustomed'),
	(146,'unaccustomed'),
	(147,'acidic'),
	(148,'alkalic'),
	(149,'alkaline'),
	(150,'amphiprotic'),
	(151,'amphoteric'),
	(152,'acid-loving'),
	(153,'alkaline-loving'),
	(154,'acknowledged'),
	(155,'unacknowledged'),
	(156,'acquisitive'),
	(157,'unacquisitive'),
	(158,'acropetal'),
	(159,'basipetal'),
	(160,'active'),
	(161,'torrential'),
	(162,'verdant'),
	(163,'rare'),
	(164,'tight'),
	(165,'battered'),
	(166,'bankable'),
	(167,'unexceptionable'),
	(168,'unimpeachable'),
	(169,'unobjectionable'),
	(170,'exceptionable'),
	(171,'objectionable'),
	(172,'approachable'),
	(173,'reachable'),
	(174,'come-at-able'),
	(175,'get-at-able'),
	(176,'getatable'),
	(177,'handy'),
	(178,'ready to hand'),
	(179,'outback'),
	(180,'remote'),
	(181,'pathless'),
	(182,'roadless'),
	(183,'trackless'),
	(184,'untracked'),
	(185,'untrod'),
	(186,'untrodden'),
	(187,'out of reach'),
	(188,'unapproachable'),
	(189,'unreachable'),
	(190,'unreached'),
	(191,'un-come-at-able'),
	(192,'un-get-at-able'),
	(193,'ungetatable'),
	(194,'complaisant'),
	(195,'obliging'),
	(196,'disobliging'),
	(197,'uncooperative'),
	(198,'close'),
	(199,'faithful'),
	(200,'dead-on'),
	(201,'hi-fi'),
	(202,'high-fidelity'),
	(203,'surgical'),
	(204,'straight'),
	(205,'dead on target'),
	(206,'true'),
	(207,'right'),
	(208,'veracious'),
	(209,'away'),
	(210,'outside'),
	(211,'faulty'),
	(212,'incorrect'),
	(213,'wrong'),
	(214,'unfaithful'),
	(215,'wide'),
	(216,'wide of the mark'),
	(217,'used to'),
	(218,'wont to'),
	(219,'new'),
	(220,'unused'),
	(221,'acid'),
	(222,'acid-forming'),
	(223,'alcalescent'),
	(224,'alkalescent'),
	(225,'basic'),
	(226,'base-forming'),
	(227,'saltlike'),
	(228,'acidophilic'),
	(229,'acidophilous'),
	(230,'aciduric'),
	(231,'accepted'),
	(232,'recognised'),
	(233,'recognized'),
	(234,'self-confessed'),
	(235,'assumptive'),
	(236,'declarable'),
	(237,'given'),
	(238,'granted'),
	(239,'putative'),
	(240,'unappreciated'),
	(241,'unsung'),
	(242,'unvalued'),
	(243,'secret'),
	(244,'unavowed'),
	(245,'unconfessed'),
	(246,'unrecognised'),
	(247,'unrecognized'),
	(248,'accumulative'),
	(249,'inactive'),
	(250,'passive'),
	(251,'dormant'),
	(252,'extinct'),
	(253,'dynamic'),
	(254,'stative'),
	(255,'quiet'),
	(256,'actual'),
	(257,'existent'),
	(258,'possible'),
	(259,'potential'),
	(260,'acute'),
	(261,'chronic'),
	(262,'virulent'),
	(263,'avirulent'),
	(264,'adaptative'),
	(265,'adaptive'),
	(266,'maladaptive'),
	(267,'addicted'),
	(268,'unaddicted'),
	(269,'addictive'),
	(270,'habit-forming'),
	(271,'nonaddictive'),
	(272,'additive'),
	(273,'subtractive'),
	(274,'addressed'),
	(275,'unaddressed'),
	(276,'adequate'),
	(277,'equal'),
	(278,'inadequate'),
	(279,'unequal'),
	(280,'adhesive'),
	(281,'nonadhesive'),
	(282,'adjective'),
	(283,'procedural'),
	(284,'essential'),
	(285,'substantive'),
	(286,'adoptable'),
	(287,'unadoptable'),
	(288,'adorned'),
	(289,'decorated'),
	(290,'unadorned'),
	(291,'undecorated'),
	(292,'cholinergic'),
	(293,'anticholinergic'),
	(294,'adroit');

/*!40000 ALTER TABLE `th_phrase` ENABLE KEYS */;
UNLOCK TABLES;


# Dump of table th_phrase_definition
# ------------------------------------------------------------

DROP TABLE IF EXISTS `th_phrase_definition`;

CREATE TABLE `th_phrase_definition` (
  `th_phrase_definition_id` int(11) NOT NULL AUTO_INCREMENT COMMENT 'Primary key.',
  `th_phrase_id` int(11) NOT NULL COMMENT 'Foreign key.',
  `th_definition_id` int(11) NOT NULL COMMENT 'Foreign key.',
  `th_mod_info_id` int(11) NOT NULL COMMENT 'Foreign key.',
  PRIMARY KEY (`th_phrase_definition_id`),
  KEY `th_phrase_id` (`th_phrase_id`),
  KEY `th_definition_id` (`th_definition_id`),
  KEY `th_mod_info_id` (`th_mod_info_id`),
  CONSTRAINT `th_phrase_definition_ibfk_1` FOREIGN KEY (`th_phrase_id`) REFERENCES `th_phrase` (`th_phrase_id`),
  CONSTRAINT `th_phrase_definition_ibfk_2` FOREIGN KEY (`th_definition_id`) REFERENCES `th_definition` (`th_definition_id`),
  CONSTRAINT `th_phrase_definition_ibfk_3` FOREIGN KEY (`th_mod_info_id`) REFERENCES `th_mod_info` (`th_mod_info_id`)
) ENGINE=InnoDB AUTO_INCREMENT=315 DEFAULT CHARSET=utf8 COMMENT='Associate phrases and definitions.';

LOCK TABLES `th_phrase_definition` WRITE;
/*!40000 ALTER TABLE `th_phrase_definition` DISABLE KEYS */;
INSERT INTO `th_phrase_definition` (`th_phrase_definition_id`,`th_phrase_id`,`th_definition_id`,`th_mod_info_id`)
VALUES
	(1,1,1,1),
	(2,2,2,1),
	(3,3,3,1),
	(4,4,4,1),
	(5,5,5,1),
	(6,6,6,1),
	(7,7,7,1),
	(8,8,8,1),
	(9,9,9,1),
	(10,10,10,1),
	(11,11,11,1),
	(12,12,12,1),
	(13,13,13,1),
	(14,14,14,1),
	(15,15,15,1),
	(16,16,16,1),
	(17,17,17,1),
	(18,18,18,1),
	(19,19,19,1),
	(20,20,20,1),
	(21,21,21,1),
	(22,22,22,1),
	(23,23,23,1),
	(24,24,24,1),
	(25,25,25,1),
	(26,26,26,1),
	(27,27,27,1),
	(28,28,28,1),
	(29,29,29,1),
	(30,30,30,1),
	(31,31,31,1),
	(32,32,32,1),
	(33,33,33,1),
	(34,34,34,1),
	(35,35,35,1),
	(36,36,36,1),
	(37,37,37,1),
	(38,38,38,1),
	(39,39,39,1),
	(40,40,40,1),
	(41,41,41,1),
	(42,42,42,1),
	(43,41,43,1),
	(44,43,44,1),
	(45,44,45,1),
	(46,45,46,1),
	(47,46,47,1),
	(48,47,48,1),
	(49,48,49,1),
	(50,49,50,1),
	(51,50,51,1),
	(52,51,52,1),
	(53,52,53,1),
	(54,53,54,1),
	(55,54,55,1),
	(56,55,56,1),
	(57,56,57,1),
	(58,57,58,1),
	(59,58,59,1),
	(60,59,60,1),
	(61,60,61,1),
	(62,61,62,1),
	(63,62,63,1),
	(64,63,64,1),
	(65,64,65,1),
	(66,65,66,1),
	(67,66,67,1),
	(68,67,68,1),
	(69,68,69,1),
	(70,69,70,1),
	(71,70,71,1),
	(72,71,72,1),
	(73,72,73,1),
	(74,73,74,1),
	(75,74,75,1),
	(76,71,76,1),
	(77,75,77,1),
	(78,76,78,1),
	(79,77,79,1),
	(80,78,80,1),
	(81,79,81,1),
	(82,80,82,1),
	(83,81,83,1),
	(84,82,84,1),
	(85,83,85,1),
	(86,84,86,1),
	(87,85,87,1),
	(88,86,88,1),
	(89,73,89,1),
	(90,87,90,1),
	(91,88,91,1),
	(92,89,92,1),
	(93,90,93,1),
	(94,91,94,1),
	(95,92,95,1),
	(96,93,96,1),
	(97,94,97,1),
	(98,95,98,1),
	(99,96,99,1),
	(100,97,100,1),
	(101,98,101,1),
	(102,99,102,1),
	(103,100,103,1),
	(104,101,104,1),
	(105,102,105,1),
	(106,103,106,1),
	(107,104,107,1),
	(108,105,108,1),
	(109,106,109,1),
	(110,107,110,1),
	(111,108,111,1),
	(112,109,112,1),
	(113,110,113,1),
	(114,111,114,1),
	(115,112,115,1),
	(116,113,116,1),
	(117,114,117,1),
	(118,115,118,1),
	(119,116,119,1),
	(120,117,120,1),
	(121,118,121,1),
	(122,119,122,1),
	(123,120,123,1),
	(124,121,124,1),
	(125,122,125,1),
	(126,123,126,1),
	(127,124,127,1),
	(128,125,128,1),
	(129,126,129,1),
	(130,127,130,1),
	(131,128,131,1),
	(132,129,132,1),
	(133,130,133,1),
	(134,131,134,1),
	(135,132,135,1),
	(136,133,136,1),
	(137,134,137,1),
	(138,135,138,1),
	(139,136,139,1),
	(140,137,140,1),
	(141,138,141,1),
	(142,139,142,1),
	(143,140,143,1),
	(144,141,144,1),
	(145,142,145,1),
	(146,143,146,1),
	(147,144,147,1),
	(148,145,148,1),
	(149,146,149,1),
	(150,147,150,1),
	(151,148,151,1),
	(152,149,152,1),
	(153,150,153,1),
	(154,151,154,1),
	(155,152,155,1),
	(156,153,156,1),
	(157,154,157,1),
	(158,155,158,1),
	(159,156,159,1),
	(160,157,160,1),
	(161,158,161,1),
	(162,159,162,1),
	(163,160,163,1),
	(164,161,164,1),
	(165,162,165,1),
	(166,163,166,1),
	(167,164,167,1),
	(168,165,168,1),
	(169,166,169,1),
	(170,167,170,1),
	(171,168,171,1),
	(172,169,172,1),
	(173,170,173,1),
	(174,171,174,1),
	(175,172,175,1),
	(176,173,176,1),
	(177,174,177,1),
	(178,175,178,1),
	(179,176,179,1),
	(180,177,180,1),
	(181,178,181,1),
	(182,179,182,1),
	(183,180,183,1),
	(184,181,184,1),
	(185,182,185,1),
	(186,183,186,1),
	(187,184,187,1),
	(188,185,188,1),
	(189,186,189,1),
	(190,187,190,1),
	(191,188,191,1),
	(192,189,192,1),
	(193,190,193,1),
	(194,191,194,1),
	(195,192,195,1),
	(196,193,196,1),
	(197,194,197,1),
	(198,195,198,1),
	(199,196,199,1),
	(200,197,200,1),
	(201,198,201,1),
	(202,199,202,1),
	(203,200,203,1),
	(204,201,204,1),
	(205,202,205,1),
	(206,203,206,1),
	(207,204,207,1),
	(208,205,208,1),
	(209,206,209,1),
	(210,207,210,1),
	(211,208,211,1),
	(212,209,212,1),
	(213,210,213,1),
	(214,211,214,1),
	(215,212,215,1),
	(216,213,216,1),
	(217,214,217,1),
	(218,215,218,1),
	(219,216,219,1),
	(220,217,220,1),
	(221,218,221,1),
	(222,219,222,1),
	(223,220,223,1),
	(224,221,224,1),
	(225,222,225,1),
	(226,223,226,1),
	(227,224,227,1),
	(228,225,228,1),
	(229,226,229,1),
	(230,227,230,1),
	(231,228,231,1),
	(232,229,232,1),
	(233,230,233,1),
	(234,231,234,1),
	(235,232,235,1),
	(236,233,236,1),
	(237,234,237,1),
	(238,235,238,1),
	(239,236,239,1),
	(240,237,240,1),
	(241,238,241,1),
	(242,239,242,1),
	(243,240,243,1),
	(244,241,244,1),
	(245,242,245,1),
	(246,243,246,1),
	(247,244,247,1),
	(248,245,248,1),
	(249,246,249,1),
	(250,247,250,1),
	(251,248,251,1),
	(252,249,252,1),
	(253,160,253,1),
	(254,249,254,1),
	(255,160,255,1),
	(256,249,256,1),
	(257,160,257,1),
	(258,249,258,1),
	(259,160,259,1),
	(260,249,260,1),
	(261,250,261,1),
	(262,160,262,1),
	(263,251,263,1),
	(264,249,264,1),
	(265,252,265,1),
	(266,160,266,1),
	(267,160,267,1),
	(268,253,268,1),
	(269,254,269,1),
	(270,160,270,1),
	(271,250,271,1),
	(272,160,272,1),
	(273,249,273,1),
	(274,160,274,1),
	(275,255,275,1),
	(276,256,276,1),
	(277,257,277,1),
	(278,258,278,1),
	(279,259,279,1),
	(280,260,280,1),
	(281,261,281,1),
	(282,262,282,1),
	(283,263,283,1),
	(284,264,284,1),
	(285,265,285,1),
	(286,266,286,1),
	(287,267,287,1),
	(288,268,288,1),
	(289,269,289,1),
	(290,270,290,1),
	(291,271,291,1),
	(292,272,292,1),
	(293,273,293,1),
	(294,274,294,1),
	(295,275,295,1),
	(296,276,296,1),
	(297,277,297,1),
	(298,278,298,1),
	(299,279,299,1),
	(300,280,300,1),
	(301,281,301,1),
	(302,282,302,1),
	(303,283,303,1),
	(304,284,304,1),
	(305,285,305,1),
	(306,286,306,1),
	(307,287,307,1),
	(308,288,308,1),
	(309,289,309,1),
	(310,290,310,1),
	(311,291,311,1),
	(312,292,312,1),
	(313,293,313,1),
	(314,294,314,1);

/*!40000 ALTER TABLE `th_phrase_definition` ENABLE KEYS */;
UNLOCK TABLES;


# Dump of table th_sequence
# ------------------------------------------------------------

DROP TABLE IF EXISTS `th_sequence`;

CREATE TABLE `th_sequence` (
  `th_sequence_id` int(11) NOT NULL AUTO_INCREMENT COMMENT 'Primary key.',
  `th_sort_type_direction_id` int(11) NOT NULL COMMENT 'Foreign key.',
  `th_mod_info_id` int(11) NOT NULL COMMENT 'Foreign key.',
  `th_part_of_speech_id` int(11) DEFAULT NULL COMMENT 'Foreign key.',
  PRIMARY KEY (`th_sequence_id`),
  KEY `th_sort_type_direction_id` (`th_sort_type_direction_id`),
  KEY `th_mod_info_id` (`th_mod_info_id`),
  KEY `fk_th_sequence_th_part_of_speech1_idx` (`th_part_of_speech_id`),
  CONSTRAINT `fk_th_sequence_th_part_of_speech1` FOREIGN KEY (`th_part_of_speech_id`) REFERENCES `th_part_of_speech` (`th_part_of_speech_id`) ON DELETE NO ACTION ON UPDATE NO ACTION,
  CONSTRAINT `th_sequence_ibfk_1` FOREIGN KEY (`th_sort_type_direction_id`) REFERENCES `th_sort_type_direction` (`th_sort_type_direction_id`),
  CONSTRAINT `th_sequence_ibfk_2` FOREIGN KEY (`th_mod_info_id`) REFERENCES `th_mod_info` (`th_mod_info_id`)
) ENGINE=InnoDB AUTO_INCREMENT=201 DEFAULT CHARSET=utf8 COMMENT='An ordered list of members of an entry.';

LOCK TABLES `th_sequence` WRITE;
/*!40000 ALTER TABLE `th_sequence` DISABLE KEYS */;
INSERT INTO `th_sequence` (`th_sequence_id`,`th_sort_type_direction_id`,`th_mod_info_id`,`th_part_of_speech_id`)
VALUES
	(1,1,1,1458),
	(2,1,1,1458),
	(3,1,1,1458),
	(4,1,1,1458),
	(5,1,1,1458),
	(6,1,1,1458),
	(7,1,1,1458),
	(8,1,1,1458),
	(9,1,1,1458),
	(10,1,1,1458),
	(11,1,1,1458),
	(12,1,1,1458),
	(13,1,1,1458),
	(14,1,1,1458),
	(15,1,1,1458),
	(16,1,1,1458),
	(17,1,1,1458),
	(18,1,1,1458),
	(19,1,1,1458),
	(20,1,1,1458),
	(21,1,1,1458),
	(22,1,1,1458),
	(23,1,1,1458),
	(24,1,1,1458),
	(25,1,1,1458),
	(26,1,1,1458),
	(27,1,1,1458),
	(28,1,1,1458),
	(29,1,1,1458),
	(30,1,1,1458),
	(31,1,1,1458),
	(32,1,1,1458),
	(33,1,1,1458),
	(34,1,1,1458),
	(35,1,1,1458),
	(36,1,1,1458),
	(37,1,1,1458),
	(38,1,1,1458),
	(39,1,1,1458),
	(40,1,1,1458),
	(41,1,1,1458),
	(42,1,1,1458),
	(43,1,1,1458),
	(44,1,1,1458),
	(45,1,1,1458),
	(46,1,1,1458),
	(47,1,1,1458),
	(48,1,1,1458),
	(49,1,1,1458),
	(50,1,1,1458),
	(51,1,1,1458),
	(52,1,1,1458),
	(53,1,1,1458),
	(54,1,1,1458),
	(55,1,1,1458),
	(56,1,1,1458),
	(57,1,1,1458),
	(58,1,1,1458),
	(59,1,1,1458),
	(60,1,1,1458),
	(61,1,1,1458),
	(62,1,1,1458),
	(63,1,1,1458),
	(64,1,1,1458),
	(65,1,1,1458),
	(66,1,1,1458),
	(67,1,1,1458),
	(68,1,1,1458),
	(69,1,1,1458),
	(70,1,1,1458),
	(71,1,1,1458),
	(72,1,1,1458),
	(73,1,1,1458),
	(74,1,1,1458),
	(75,1,1,1458),
	(76,1,1,1458),
	(77,1,1,1458),
	(78,1,1,1458),
	(79,1,1,1458),
	(80,1,1,1458),
	(81,1,1,1458),
	(82,1,1,1458),
	(83,1,1,1458),
	(84,1,1,1458),
	(85,1,1,1458),
	(86,1,1,1458),
	(87,1,1,1458),
	(88,1,1,1458),
	(89,1,1,1458),
	(90,1,1,1458),
	(91,1,1,1458),
	(92,1,1,1458),
	(93,1,1,1458),
	(94,1,1,1458),
	(95,1,1,1458),
	(96,1,1,1458),
	(97,1,1,1458),
	(98,1,1,1458),
	(99,1,1,1458),
	(100,1,1,1458),
	(101,1,1,1458),
	(102,1,1,1458),
	(103,1,1,1458),
	(104,1,1,1458),
	(105,1,1,1458),
	(106,1,1,1458),
	(107,1,1,1458),
	(108,1,1,1458),
	(109,1,1,1458),
	(110,1,1,1458),
	(111,1,1,1458),
	(112,1,1,1458),
	(113,1,1,1458),
	(114,1,1,1458),
	(115,1,1,1458),
	(116,1,1,1458),
	(117,1,1,1458),
	(118,1,1,1458),
	(119,1,1,1458),
	(120,1,1,1458),
	(121,1,1,1458),
	(122,1,1,1458),
	(123,1,1,1458),
	(124,1,1,1458),
	(125,1,1,1458),
	(126,1,1,1458),
	(127,1,1,1458),
	(128,1,1,1458),
	(129,1,1,1458),
	(130,1,1,1458),
	(131,1,1,1458),
	(132,1,1,1458),
	(133,1,1,1458),
	(134,1,1,1458),
	(135,1,1,1458),
	(136,1,1,1458),
	(137,1,1,1458),
	(138,1,1,1458),
	(139,1,1,1458),
	(140,1,1,1458),
	(141,1,1,1458),
	(142,1,1,1458),
	(143,1,1,1458),
	(144,1,1,1458),
	(145,1,1,1458),
	(146,1,1,1458),
	(147,1,1,1458),
	(148,1,1,1458),
	(149,1,1,1458),
	(150,1,1,1458),
	(151,1,1,1458),
	(152,1,1,1458),
	(153,1,1,1458),
	(154,1,1,1458),
	(155,1,1,1458),
	(156,1,1,1458),
	(157,1,1,1458),
	(158,1,1,1458),
	(159,1,1,1458),
	(160,1,1,1458),
	(161,1,1,1458),
	(162,1,1,1458),
	(163,1,1,1458),
	(164,1,1,1458),
	(165,1,1,1458),
	(166,1,1,1458),
	(167,1,1,1458),
	(168,1,1,1458),
	(169,1,1,1458),
	(170,1,1,1458),
	(171,1,1,1458),
	(172,1,1,1458),
	(173,1,1,1458),
	(174,1,1,1458),
	(175,1,1,1458),
	(176,1,1,1458),
	(177,1,1,1458),
	(178,1,1,1458),
	(179,1,1,1458),
	(180,1,1,1458),
	(181,1,1,1458),
	(182,1,1,1458),
	(183,1,1,1458),
	(184,1,1,1458),
	(185,1,1,1458),
	(186,1,1,1458),
	(187,1,1,1458),
	(188,1,1,1458),
	(189,1,1,1458),
	(190,1,1,1458),
	(191,1,1,1458),
	(192,1,1,1458),
	(193,1,1,1458),
	(194,1,1,1458),
	(195,1,1,1458),
	(196,1,1,1458),
	(197,1,1,1458),
	(198,1,1,1458),
	(199,1,1,1458),
	(200,1,1,1458);

/*!40000 ALTER TABLE `th_sequence` ENABLE KEYS */;
UNLOCK TABLES;


# Dump of table th_sort_direction
# ------------------------------------------------------------

DROP TABLE IF EXISTS `th_sort_direction`;

CREATE TABLE `th_sort_direction` (
  `th_sort_direction_id` int(11) NOT NULL AUTO_INCREMENT,
  `label` varchar(100) NOT NULL,
  `description` varchar(1000) NOT NULL,
  `th_mod_info_id` int(11) NOT NULL,
  PRIMARY KEY (`th_sort_direction_id`),
  KEY `th_mod_info_id` (`th_mod_info_id`),
  CONSTRAINT `th_sort_direction_ibfk_1` FOREIGN KEY (`th_mod_info_id`) REFERENCES `th_mod_info` (`th_mod_info_id`)
) ENGINE=InnoDB AUTO_INCREMENT=2 DEFAULT CHARSET=utf8;

LOCK TABLES `th_sort_direction` WRITE;
/*!40000 ALTER TABLE `th_sort_direction` DISABLE KEYS */;
INSERT INTO `th_sort_direction` (`th_sort_direction_id`,`label`,`description`,`th_mod_info_id`)
VALUES
	(1,'default_t2seeder_sortdirection','Default sort direction for T2Seeder auto-generated, newly added T2 sequence.',1);

/*!40000 ALTER TABLE `th_sort_direction` ENABLE KEYS */;
UNLOCK TABLES;


# Dump of table th_sort_type
# ------------------------------------------------------------

DROP TABLE IF EXISTS `th_sort_type`;

CREATE TABLE `th_sort_type` (
  `th_sort_type_id` int(11) NOT NULL AUTO_INCREMENT COMMENT 'Primary key.',
  `label` varchar(100) NOT NULL COMMENT 'A brief summary of the sort type.',
  `description` varchar(1000) NOT NULL COMMENT 'A detailed description of the sort type.',
  `th_mod_info_id` int(11) NOT NULL COMMENT 'Foreign key.',
  `th_metadata_key_id` int(11) DEFAULT NULL COMMENT 'Foreign key.',
  PRIMARY KEY (`th_sort_type_id`),
  KEY `th_mod_info_id` (`th_mod_info_id`),
  KEY `th_sort_type_ibfk_2_idx` (`th_metadata_key_id`),
  CONSTRAINT `th_sort_type_ibfk_1` FOREIGN KEY (`th_mod_info_id`) REFERENCES `th_mod_info` (`th_mod_info_id`),
  CONSTRAINT `th_sort_type_ibfk_2` FOREIGN KEY (`th_metadata_key_id`) REFERENCES `th_metadata_key` (`th_metadata_key_id`) ON DELETE NO ACTION ON UPDATE NO ACTION
) ENGINE=InnoDB AUTO_INCREMENT=2 DEFAULT CHARSET=utf8;

LOCK TABLES `th_sort_type` WRITE;
/*!40000 ALTER TABLE `th_sort_type` DISABLE KEYS */;
INSERT INTO `th_sort_type` (`th_sort_type_id`,`label`,`description`,`th_mod_info_id`,`th_metadata_key_id`)
VALUES
	(1,'default_t2seeder_sorttype','Default sort type for T2Seeder auto-generated, newly added T2 sequence.',1,1);

/*!40000 ALTER TABLE `th_sort_type` ENABLE KEYS */;
UNLOCK TABLES;


# Dump of table th_sort_type_direction
# ------------------------------------------------------------

DROP TABLE IF EXISTS `th_sort_type_direction`;

CREATE TABLE `th_sort_type_direction` (
  `th_sort_type_direction_id` int(11) NOT NULL AUTO_INCREMENT,
  `th_sort_type_id` int(11) NOT NULL,
  `th_sort_direction_asc_id` int(11) NOT NULL,
  `th_sort_direction_desc_id` int(11) NOT NULL,
  PRIMARY KEY (`th_sort_type_direction_id`),
  KEY `th_sort_type_id` (`th_sort_type_id`),
  KEY `th_sort_direction_id` (`th_sort_direction_asc_id`),
  KEY `th_sort_type_direction_ibfk_2_idx` (`th_sort_direction_desc_id`),
  CONSTRAINT `th_sort_type_direction_ibfk_1` FOREIGN KEY (`th_sort_type_id`) REFERENCES `th_sort_type` (`th_sort_type_id`),
  CONSTRAINT `th_sort_type_direction_ibfk_2` FOREIGN KEY (`th_sort_direction_asc_id`) REFERENCES `th_sort_direction` (`th_sort_direction_id`),
  CONSTRAINT `th_sort_type_direction_ibfk_3` FOREIGN KEY (`th_sort_direction_desc_id`) REFERENCES `th_sort_direction` (`th_sort_direction_id`) ON DELETE NO ACTION ON UPDATE NO ACTION
) ENGINE=InnoDB AUTO_INCREMENT=2 DEFAULT CHARSET=utf8;

LOCK TABLES `th_sort_type_direction` WRITE;
/*!40000 ALTER TABLE `th_sort_type_direction` DISABLE KEYS */;
INSERT INTO `th_sort_type_direction` (`th_sort_type_direction_id`,`th_sort_type_id`,`th_sort_direction_asc_id`,`th_sort_direction_desc_id`)
VALUES
	(1,1,1,1);

/*!40000 ALTER TABLE `th_sort_type_direction` ENABLE KEYS */;
UNLOCK TABLES;


# Dump of table th_source
# ------------------------------------------------------------

DROP TABLE IF EXISTS `th_source`;

CREATE TABLE `th_source` (
  `th_source_id` int(11) NOT NULL AUTO_INCREMENT,
  `th_source_type_id` int(11) NOT NULL COMMENT 'Foreign key.',
  `th_user_id` int(11) NOT NULL COMMENT 'Foreign key.',
  `th_algorithm_id` int(11) DEFAULT NULL COMMENT 'Foreign key.',
  `external_ref_id` int(11) DEFAULT NULL COMMENT 'A reference to an external ID; typically this will be a unique key in a table defined in the source''s schema.',
  PRIMARY KEY (`th_source_id`),
  KEY `th_source_type_id` (`th_source_type_id`),
  KEY `th_algorithm_id` (`th_algorithm_id`),
  KEY `th_user_id` (`th_user_id`),
  CONSTRAINT `th_source_ibfk_1` FOREIGN KEY (`th_source_type_id`) REFERENCES `th_source_type` (`th_source_type_id`),
  CONSTRAINT `th_source_ibfk_2` FOREIGN KEY (`th_algorithm_id`) REFERENCES `th_algorithm` (`th_algorithm_id`),
  CONSTRAINT `th_source_ibfk_3` FOREIGN KEY (`th_user_id`) REFERENCES `th_user` (`th_userId`)
) ENGINE=InnoDB AUTO_INCREMENT=2 DEFAULT CHARSET=utf8;

LOCK TABLES `th_source` WRITE;
/*!40000 ALTER TABLE `th_source` DISABLE KEYS */;
INSERT INTO `th_source` (`th_source_id`,`th_source_type_id`,`th_user_id`,`th_algorithm_id`,`external_ref_id`)
VALUES
	(1,3,1,2,-1);

/*!40000 ALTER TABLE `th_source` ENABLE KEYS */;
UNLOCK TABLES;


# Dump of table th_source_type
# ------------------------------------------------------------

DROP TABLE IF EXISTS `th_source_type`;

CREATE TABLE `th_source_type` (
  `th_source_type_id` int(11) NOT NULL AUTO_INCREMENT,
  `name` varchar(50) NOT NULL,
  `description` varchar(1000) NOT NULL,
  PRIMARY KEY (`th_source_type_id`)
) ENGINE=InnoDB AUTO_INCREMENT=4 DEFAULT CHARSET=utf8;

LOCK TABLES `th_source_type` WRITE;
/*!40000 ALTER TABLE `th_source_type` DISABLE KEYS */;
INSERT INTO `th_source_type` (`th_source_type_id`,`name`,`description`)
VALUES
	(2,'Wordnet3.0 DefaultDB','The WordNet 3.0 default DB'),
	(3,'default_source_type','Default source type for T2Seeder');

/*!40000 ALTER TABLE `th_source_type` ENABLE KEYS */;
UNLOCK TABLES;


# Dump of table th_thesortus
# ------------------------------------------------------------

DROP TABLE IF EXISTS `th_thesortus`;

CREATE TABLE `th_thesortus` (
  `th_thesortus_id` int(11) NOT NULL AUTO_INCREMENT,
  `th_thesortus_parent_id` int(11) DEFAULT NULL COMMENT 'Foreign key refererence to the thesortus'' parent; the root will have no parent.',
  `th_domain_id` int(11) NOT NULL COMMENT 'Foreign key.',
  `th_mod_info_id` int(11) DEFAULT NULL COMMENT 'Foreign key.',
  PRIMARY KEY (`th_thesortus_id`),
  KEY `th_thesortus_parent_id` (`th_thesortus_parent_id`),
  KEY `th_domain_id` (`th_domain_id`),
  KEY `th_mod_info_id` (`th_mod_info_id`),
  CONSTRAINT `th_thesortus_ibfk_1` FOREIGN KEY (`th_thesortus_parent_id`) REFERENCES `th_thesortus` (`th_thesortus_id`),
  CONSTRAINT `th_thesortus_ibfk_2` FOREIGN KEY (`th_domain_id`) REFERENCES `th_domain` (`th_domain_id`),
  CONSTRAINT `th_thesortus_ibfk_3` FOREIGN KEY (`th_mod_info_id`) REFERENCES `th_mod_info` (`th_mod_info_id`)
) ENGINE=InnoDB AUTO_INCREMENT=3 DEFAULT CHARSET=utf8;

LOCK TABLES `th_thesortus` WRITE;
/*!40000 ALTER TABLE `th_thesortus` DISABLE KEYS */;
INSERT INTO `th_thesortus` (`th_thesortus_id`,`th_thesortus_parent_id`,`th_domain_id`,`th_mod_info_id`)
VALUES
	(1,1,1,NULL),
	(2,1,2,NULL);

/*!40000 ALTER TABLE `th_thesortus` ENABLE KEYS */;
UNLOCK TABLES;


# Dump of table th_thesortus_entry
# ------------------------------------------------------------

DROP TABLE IF EXISTS `th_thesortus_entry`;

CREATE TABLE `th_thesortus_entry` (
  `th_thesortus_entry_id` int(11) NOT NULL AUTO_INCREMENT,
  `th_thesortus_id` int(11) NOT NULL COMMENT 'Foreign key.',
  `th_entry_id` int(11) NOT NULL COMMENT 'Foreign key.',
  PRIMARY KEY (`th_thesortus_entry_id`),
  KEY `th_thesortus_id` (`th_thesortus_id`),
  KEY `th_entry_id` (`th_entry_id`),
  CONSTRAINT `th_thesortus_entry_ibfk_1` FOREIGN KEY (`th_thesortus_id`) REFERENCES `th_thesortus` (`th_thesortus_id`),
  CONSTRAINT `th_thesortus_entry_ibfk_2` FOREIGN KEY (`th_entry_id`) REFERENCES `th_entry` (`th_entry_id`)
) ENGINE=InnoDB AUTO_INCREMENT=201 DEFAULT CHARSET=utf8;

LOCK TABLES `th_thesortus_entry` WRITE;
/*!40000 ALTER TABLE `th_thesortus_entry` DISABLE KEYS */;
INSERT INTO `th_thesortus_entry` (`th_thesortus_entry_id`,`th_thesortus_id`,`th_entry_id`)
VALUES
	(1,2,1),
	(2,2,2),
	(3,2,3),
	(4,2,4),
	(5,2,5),
	(6,2,6),
	(7,2,7),
	(8,2,8),
	(9,2,9),
	(10,2,10),
	(11,2,11),
	(12,2,12),
	(13,2,13),
	(14,2,14),
	(15,2,15),
	(16,2,16),
	(17,2,17),
	(18,2,18),
	(19,2,19),
	(20,2,20),
	(21,2,21),
	(22,2,22),
	(23,2,23),
	(24,2,24),
	(25,2,25),
	(26,2,26),
	(27,2,27),
	(28,2,28),
	(29,2,29),
	(30,2,30),
	(31,2,31),
	(32,2,32),
	(33,2,33),
	(34,2,34),
	(35,2,35),
	(36,2,36),
	(37,2,37),
	(38,2,38),
	(39,2,39),
	(40,2,40),
	(41,2,41),
	(42,2,42),
	(43,2,43),
	(44,2,44),
	(45,2,45),
	(46,2,46),
	(47,2,47),
	(48,2,48),
	(49,2,49),
	(50,2,50),
	(51,2,51),
	(52,2,52),
	(53,2,53),
	(54,2,54),
	(55,2,55),
	(56,2,56),
	(57,2,57),
	(58,2,58),
	(59,2,59),
	(60,2,60),
	(61,2,61),
	(62,2,62),
	(63,2,63),
	(64,2,64),
	(65,2,65),
	(66,2,66),
	(67,2,67),
	(68,2,68),
	(69,2,69),
	(70,2,70),
	(71,2,71),
	(72,2,72),
	(73,2,73),
	(74,2,74),
	(75,2,75),
	(76,2,76),
	(77,2,77),
	(78,2,78),
	(79,2,79),
	(80,2,80),
	(81,2,81),
	(82,2,82),
	(83,2,83),
	(84,2,84),
	(85,2,85),
	(86,2,86),
	(87,2,87),
	(88,2,88),
	(89,2,89),
	(90,2,90),
	(91,2,91),
	(92,2,92),
	(93,2,93),
	(94,2,94),
	(95,2,95),
	(96,2,96),
	(97,2,97),
	(98,2,98),
	(99,2,99),
	(100,2,100),
	(101,2,101),
	(102,2,102),
	(103,2,103),
	(104,2,104),
	(105,2,105),
	(106,2,106),
	(107,2,107),
	(108,2,108),
	(109,2,109),
	(110,2,110),
	(111,2,111),
	(112,2,112),
	(113,2,113),
	(114,2,114),
	(115,2,115),
	(116,2,116),
	(117,2,117),
	(118,2,118),
	(119,2,119),
	(120,2,120),
	(121,2,121),
	(122,2,122),
	(123,2,123),
	(124,2,124),
	(125,2,125),
	(126,2,126),
	(127,2,127),
	(128,2,128),
	(129,2,129),
	(130,2,130),
	(131,2,131),
	(132,2,132),
	(133,2,133),
	(134,2,134),
	(135,2,135),
	(136,2,136),
	(137,2,137),
	(138,2,138),
	(139,2,139),
	(140,2,140),
	(141,2,141),
	(142,2,142),
	(143,2,143),
	(144,2,144),
	(145,2,145),
	(146,2,146),
	(147,2,147),
	(148,2,148),
	(149,2,149),
	(150,2,150),
	(151,2,151),
	(152,2,152),
	(153,2,153),
	(154,2,154),
	(155,2,155),
	(156,2,156),
	(157,2,157),
	(158,2,158),
	(159,2,159),
	(160,2,160),
	(161,2,161),
	(162,2,162),
	(163,2,163),
	(164,2,164),
	(165,2,165),
	(166,2,166),
	(167,2,167),
	(168,2,168),
	(169,2,169),
	(170,2,170),
	(171,2,171),
	(172,2,172),
	(173,2,173),
	(174,2,174),
	(175,2,175),
	(176,2,176),
	(177,2,177),
	(178,2,178),
	(179,2,179),
	(180,2,180),
	(181,2,181),
	(182,2,182),
	(183,2,183),
	(184,2,184),
	(185,2,185),
	(186,2,186),
	(187,2,187),
	(188,2,188),
	(189,2,189),
	(190,2,190),
	(191,2,191),
	(192,2,192),
	(193,2,193),
	(194,2,194),
	(195,2,195),
	(196,2,196),
	(197,2,197),
	(198,2,198),
	(199,2,199),
	(200,2,200);

/*!40000 ALTER TABLE `th_thesortus_entry` ENABLE KEYS */;
UNLOCK TABLES;


# Dump of table th_user
# ------------------------------------------------------------

DROP TABLE IF EXISTS `th_user`;

CREATE TABLE `th_user` (
  `th_userId` int(11) NOT NULL AUTO_INCREMENT COMMENT 'Primary key.',
  `cms_user_id` int(11) NOT NULL COMMENT 'The CMS (e.g. Drupal) user ID.',
  `is_deleted` tinyint(1) NOT NULL DEFAULT '0',
  PRIMARY KEY (`th_userId`),
  KEY `cms_user_id` (`cms_user_id`)
) ENGINE=InnoDB AUTO_INCREMENT=2 DEFAULT CHARSET=utf8;

LOCK TABLES `th_user` WRITE;
/*!40000 ALTER TABLE `th_user` DISABLE KEYS */;
INSERT INTO `th_user` (`th_userId`,`cms_user_id`,`is_deleted`)
VALUES
	(1,1,0);

/*!40000 ALTER TABLE `th_user` ENABLE KEYS */;
UNLOCK TABLES;





/*!40111 SET SQL_NOTES=@OLD_SQL_NOTES */;
/*!40101 SET SQL_MODE=@OLD_SQL_MODE */;
/*!40014 SET FOREIGN_KEY_CHECKS=@OLD_FOREIGN_KEY_CHECKS */;
/*!40014 SET UNIQUE_CHECKS=@OLD_UNIQUE_CHECKS */;
/*!40101 SET CHARACTER_SET_CLIENT=@OLD_CHARACTER_SET_CLIENT */;
/*!40101 SET CHARACTER_SET_RESULTS=@OLD_CHARACTER_SET_RESULTS */;
/*!40101 SET COLLATION_CONNECTION=@OLD_COLLATION_CONNECTION */;
